player_name,country,season,team,innings,not_outs,runs_scored,balls_faced,batting_average,batting_strike_rate,highest_score,hundreds,fifties,fours,sixes
A Ashish Reddy,,2012,Sunrisers Hyderabad,5,1,35,29,8.75,120.7,10,0,0,3,1
A Ashish Reddy,,2013,Sunrisers Hyderabad,10,3,125,89,17.86,140.4,36,0,0,8,5
A Ashish Reddy,,2015,Sunrisers Hyderabad,5,2,73,46,24.33,158.7,22,0,0,3,5
A Ashish Reddy,,2016,Sunrisers Hyderabad,3,1,47,29,23.5,162.1,32,0,0,2,4
A Chandila,,2012,Rajasthan Royals,1,0,0,1,0.0,0.0,0,0,0,0,0
A Chandila,,2013,Rajasthan Royals,1,1,4,6,4.0,66.7,4,0,0,0,0
A Kamboj,,2024,Mumbai Indians,1,1,2,2,2.0,100.0,2,0,0,0,0
A Kamboj,,2025,Chennai Super Kings,5,3,14,12,7.0,116.7,5,0,0,2,0
A Mhatre,,2025,Chennai Super Kings,7,0,240,127,34.29,189.0,94,0,1,31,11
A R Bawane,,2017,Delhi Capitals,1,1,12,12,12.0,100.0,12,0,0,1,0
A Raghuvanshi,,2024,Kolkata Knight Riders,7,0,163,105,23.29,155.2,54,0,1,16,8
A Raghuvanshi,,2025,Kolkata Knight Riders,11,2,300,215,33.33,139.5,50,0,1,30,8
A Singh,,2009,Rajasthan Royals,2,1,1,3,1.0,33.3,1,0,0,0,0
A Singh,,2011,Rajasthan Royals,2,0,1,4,0.5,25.0,1,0,0,0,0
A Singh,,2012,Rajasthan Royals,1,0,0,3,0.0,0.0,0,0,0,0,0
A T Rayudu,,2010,Mumbai Indians,14,1,356,246,27.38,144.7,55,0,2,34,13
A T Rayudu,,2011,Mumbai Indians,16,2,395,350,28.21,112.9,63,0,4,44,9
A T Rayudu,,2012,Mumbai Indians,15,6,333,252,37.0,132.1,81,0,2,21,14
A T Rayudu,,2013,Mumbai Indians,15,3,265,231,22.08,114.7,37,0,0,22,4
A T Rayudu,,2014,Mumbai Indians,14,0,361,287,25.79,125.8,68,0,2,31,8
A T Rayudu,,2015,Mumbai Indians,14,5,281,193,31.22,145.6,53,0,1,18,16
A T Rayudu,,2016,Mumbai Indians,12,1,334,278,30.36,120.1,65,0,2,28,12
A T Rayudu,,2017,Mumbai Indians,5,0,91,78,18.2,116.7,63,0,1,7,3
A T Rayudu,,2018,Chennai Super Kings,16,1,602,402,40.13,149.8,100,1,3,53,34
A T Rayudu,,2019,Chennai Super Kings,17,5,282,303,23.5,93.1,57,0,1,20,7
A T Rayudu,,2020,Chennai Super Kings,11,2,359,282,39.89,127.3,71,0,1,30,12
A T Rayudu,,2021,Chennai Super Kings,13,4,257,170,28.56,151.2,72,0,2,16,17
A T Rayudu,,2022,Chennai Super Kings,11,0,274,224,24.91,122.3,78,0,1,25,15
A T Rayudu,,2023,Chennai Super Kings,12,2,158,113,15.8,139.8,27,0,0,10,9
A Uniyal,,2010,Rajasthan Royals,2,1,4,7,4.0,57.1,4,0,0,0,0
A V Choudhary,,2017,Royal Challengers Bengaluru,3,0,25,20,8.33,125.0,15,0,0,1,1
AA Bilakhia,,2009,Sunrisers Hyderabad,6,2,67,81,16.75,82.7,22,0,0,5,0
AA Bilakhia,,2010,Sunrisers Hyderabad,1,0,2,4,2.0,50.0,2,0,0,0,0
AA Chavan,,2011,Rajasthan Royals,1,0,1,3,1.0,33.3,1,0,0,0,0
AA Chavan,,2012,Rajasthan Royals,2,1,11,8,11.0,137.5,7,0,0,2,0
AA Jhunjhunwala,,2010,Rajasthan Royals,10,0,183,166,18.3,110.2,53,0,1,16,4
AA Jhunjhunwala,,2011,Pune Warriors,2,0,10,18,5.0,55.6,10,0,0,2,0
AA Jhunjhunwala,,2012,Sunrisers Hyderabad,3,1,24,26,12.0,92.3,19,0,0,1,1
AA Kulkarni,,2024,Lucknow Super Giants,2,0,9,8,4.5,112.5,9,0,0,2,0
AA Noffke,,2008,Royal Challengers Bengaluru,1,0,9,10,9.0,90.0,9,0,0,1,0
AB de Villiers,,2008,Delhi Capitals,6,1,95,98,19.0,96.9,26,0,0,5,1
AB de Villiers,,2009,Delhi Capitals,13,4,465,355,51.67,131.0,105,1,3,39,12
AB de Villiers,,2010,Delhi Capitals,7,0,111,119,15.86,93.3,45,0,0,7,0
AB de Villiers,,2011,Royal Challengers Bengaluru,13,3,312,243,31.2,128.4,65,0,2,21,14
AB de Villiers,,2012,Royal Challengers Bengaluru,13,4,319,198,35.44,161.1,64,0,3,26,15
AB de Villiers,,2013,Royal Challengers Bengaluru,14,3,360,219,32.73,164.4,64,0,2,34,15
AB de Villiers,,2014,Royal Challengers Bengaluru,13,1,395,249,32.92,158.6,89,0,3,26,24
AB de Villiers,,2015,Royal Challengers Bengaluru,14,3,513,293,46.64,175.1,133,1,2,60,22
AB de Villiers,,2016,Royal Challengers Bengaluru,16,3,687,407,52.85,168.8,129,1,6,57,37
AB de Villiers,,2017,Royal Challengers Bengaluru,9,1,216,163,27.0,132.5,89,0,1,12,16
AB de Villiers,,2018,Royal Challengers Bengaluru,11,2,480,275,53.33,174.5,90,0,6,39,30
AB de Villiers,,2019,Royal Challengers Bengaluru,13,3,442,287,44.2,154.0,82,0,5,31,26
AB de Villiers,,2020,Royal Challengers Bengaluru,14,4,454,286,45.4,158.7,73,0,5,33,23
AB de Villiers,,2021,Royal Challengers Bengaluru,14,4,313,211,31.3,148.3,76,0,2,23,16
AC Blizzard,,2011,Mumbai Indians,6,0,120,87,20.0,137.9,51,0,1,21,2
AC Blizzard,,2012,Mumbai Indians,1,0,0,3,0.0,0.0,0,0,0,0,0
AC Thomas,,2011,Pune Warriors,2,2,1,4,1.0,25.0,1,0,0,0,0
AC Thomas,,2012,Pune Warriors,2,0,19,15,9.5,126.7,12,0,0,1,1
AD Mascarenhas,,2008,Rajasthan Royals,1,0,9,8,9.0,112.5,9,0,0,0,1
AD Mascarenhas,,2009,Rajasthan Royals,4,0,39,39,9.75,100.0,27,0,0,4,0
AD Mascarenhas,,2010,Rajasthan Royals,2,0,12,10,6.0,120.0,9,0,0,0,0
AD Mascarenhas,,2012,Punjab Kings,3,0,14,16,4.67,87.5,9,0,0,1,0
AD Mascarenhas,,2013,Punjab Kings,1,1,5,5,5.0,100.0,5,0,0,0,0
AG Murtaza,,2011,Mumbai Indians,1,1,2,5,2.0,40.0,2,0,0,0,0
AG Murtaza,,2012,Pune Warriors,1,1,3,5,3.0,60.0,3,0,0,0,0
AG Murtaza,,2013,Pune Warriors,1,0,5,4,5.0,125.0,5,0,0,1,0
AP Dole,,2010,Rajasthan Royals,2,0,34,22,17.0,154.5,30,0,0,3,1
AS Yadav,,2008,Sunrisers Hyderabad,6,1,49,39,9.8,125.6,16,0,0,5,2
Aaron Finch,,2010,Rajasthan Royals,1,0,21,21,21.0,100.0,21,0,0,0,1
Aaron Finch,,2011,Delhi Capitals,6,0,47,46,7.83,102.2,25,0,0,3,3
Aaron Finch,,2012,Delhi Capitals,2,0,55,51,27.5,107.8,30,0,0,8,0
Aaron Finch,,2013,Pune Warriors,14,0,456,336,32.57,135.7,67,0,4,54,16
Aaron Finch,,2014,Sunrisers Hyderabad,13,2,309,263,28.09,117.5,88,0,2,31,9
Aaron Finch,,2015,Mumbai Indians,3,1,23,33,11.5,69.7,10,0,0,4,0
Aaron Finch,,2016,Gujarat Titans,12,2,393,299,39.3,131.4,74,0,5,45,11
Aaron Finch,,2017,Gujarat Titans,13,1,299,180,24.92,166.1,72,0,2,25,19
Aaron Finch,,2018,Punjab Kings,9,1,134,100,16.75,134.0,46,0,0,6,8
Aaron Finch,,2020,Royal Challengers Bengaluru,12,0,268,241,22.33,111.2,52,0,1,28,8
Aaron Finch,,2022,Kolkata Knight Riders,5,0,86,61,17.2,141.0,58,0,1,10,3
Aavesh Khan,,2019,Delhi Capitals,1,1,4,3,4.0,133.3,4,0,0,1,0
Aavesh Khan,,2021,Delhi Capitals,1,0,5,3,5.0,166.7,5,0,0,1,0
Aavesh Khan,,2022,Lucknow Super Giants,4,3,22,13,22.0,169.2,12,0,0,0,3
Aavesh Khan,,2023,Lucknow Super Giants,1,1,0,1,,0.0,0,0,0,0,0
Aavesh Khan,,2024,Rajasthan Royals,2,1,10,5,10.0,200.0,7,0,0,1,0
Aavesh Khan,,2025,Lucknow Super Giants,3,2,21,12,21.0,175.0,19,0,0,3,1
Abdul Basith,,2023,Rajasthan Royals,1,1,1,1,1.0,100.0,1,0,0,0,0
Abdul Samad,,2020,Sunrisers Hyderabad,7,2,111,65,22.2,170.8,33,0,0,8,6
Abdul Samad,,2021,Sunrisers Hyderabad,10,1,111,87,12.33,127.6,28,0,0,4,8
Abdul Samad,,2022,Sunrisers Hyderabad,2,0,4,7,2.0,57.1,4,0,0,0,0
Abdul Samad,,2023,Sunrisers Hyderabad,8,3,169,128,33.8,132.0,37,0,0,10,11
Abdul Samad,,2024,Sunrisers Hyderabad,12,2,182,108,18.2,168.5,37,0,0,15,11
Abdul Samad,,2025,Lucknow Super Giants,12,4,164,93,20.5,176.3,45,0,0,8,14
Abdur Razzak,,2008,Royal Challengers Bengaluru,1,1,0,2,,0.0,0,0,0,0,0
Abhijeet Tomar,,2022,Kolkata Knight Riders,1,0,4,8,4.0,50.0,4,0,0,1,0
Abhimanyu Mithun,,2010,Royal Challengers Bengaluru,1,0,5,4,5.0,125.0,5,0,0,1,0
Abhimanyu Mithun,,2011,Royal Challengers Bengaluru,4,1,27,20,9.0,135.0,11,0,0,3,1
Abhimanyu Mithun,,2013,Royal Challengers Bengaluru,1,0,2,2,2.0,100.0,2,0,0,0,0
Abhinav Manohar,,2022,Gujarat Titans,7,1,108,75,18.0,144.0,43,0,0,14,3
Abhinav Manohar,,2023,Gujarat Titans,6,0,114,83,19.0,137.3,42,0,0,6,7
Abhinav Manohar,,2024,Gujarat Titans,2,0,9,16,4.5,56.2,8,0,0,1,0
Abhinav Manohar,,2025,Sunrisers Hyderabad,5,0,61,61,12.2,100.0,43,0,0,2,4
Abhinav Mukund,,2008,Chennai Super Kings,1,0,0,1,0.0,0.0,0,0,0,0,0
Abhinav Mukund,,2013,Royal Challengers Bengaluru,1,0,19,21,19.0,90.5,19,0,0,1,0
Abhishek Nayar,,2008,Mumbai Indians,10,2,206,138,25.75,149.3,45,0,0,16,9
Abhishek Nayar,,2009,Mumbai Indians,11,1,193,152,19.3,127.0,35,0,0,14,7
Abhishek Nayar,,2010,Mumbai Indians,3,1,58,51,29.0,113.7,27,0,0,4,2
Abhishek Nayar,,2011,Punjab Kings,9,2,61,67,8.71,91.0,17,0,0,9,0
Abhishek Nayar,,2012,Punjab Kings,4,1,45,49,15.0,91.8,24,0,0,2,1
Abhishek Nayar,,2013,Pune Warriors,9,2,66,73,9.43,90.4,25,0,0,5,0
Abhishek Nayar,,2014,Rajasthan Royals,4,1,43,47,14.33,91.5,23,0,0,5,1
Abhishek Raut,,2009,Rajasthan Royals,7,3,78,61,19.5,127.9,36,0,0,5,3
Abhishek Raut,,2010,Rajasthan Royals,5,3,56,48,28.0,116.7,32,0,0,3,3
Abhishek Raut,,2011,Rajasthan Royals,4,1,60,58,20.0,103.4,25,0,0,5,1
Abhishek Sharma,,2018,Delhi Capitals,3,2,63,33,63.0,190.9,46,0,0,3,5
Abhishek Sharma,,2019,Sunrisers Hyderabad,3,1,9,9,4.5,100.0,5,0,0,1,0
Abhishek Sharma,,2020,Sunrisers Hyderabad,7,2,71,56,14.2,126.8,31,0,0,6,3
Abhishek Sharma,,2021,Sunrisers Hyderabad,7,1,98,75,16.33,130.7,33,0,0,7,4
Abhishek Sharma,,2022,Sunrisers Hyderabad,14,0,426,320,30.43,133.1,75,0,2,47,13
Abhishek Sharma,,2023,Sunrisers Hyderabad,11,0,226,157,20.55,143.9,67,0,2,28,6
Abhishek Sharma,,2024,Sunrisers Hyderabad,16,1,484,237,32.27,204.2,75,0,3,36,42
Abhishek Sharma,,2025,Sunrisers Hyderabad,13,0,439,227,33.77,193.4,141,1,2,46,28
Abishek Porel,,2023,Delhi Capitals,4,0,33,31,8.25,106.5,20,0,0,1,2
Abishek Porel,,2024,Delhi Capitals,12,1,327,205,29.73,159.5,65,0,2,36,13
Abishek Porel,,2025,Delhi Capitals,13,1,301,205,25.08,146.8,51,0,1,28,12
Abu Nechim Ahmed,,2010,Mumbai Indians,1,1,4,7,4.0,57.1,4,0,0,0,0
Abu Nechim Ahmed,,2011,Mumbai Indians,1,1,18,13,18.0,138.5,18,0,0,1,1
Abu Nechim Ahmed,,2014,Royal Challengers Bengaluru,1,1,4,1,4.0,400.0,4,0,0,1,0
Abu Nechim Ahmed,,2015,Royal Challengers Bengaluru,3,2,10,5,10.0,200.0,5,0,0,2,0
Adam Gilchrist,,2008,Sunrisers Hyderabad,14,1,436,318,33.54,137.1,109,1,3,51,19
Adam Gilchrist,,2009,Sunrisers Hyderabad,16,0,495,325,30.94,152.3,85,0,3,54,29
Adam Gilchrist,,2010,Sunrisers Hyderabad,16,0,289,185,18.06,156.2,54,0,1,31,16
Adam Gilchrist,,2011,Punjab Kings,14,0,383,295,27.36,129.8,106,1,2,41,18
Adam Gilchrist,,2012,Punjab Kings,7,2,172,143,34.4,120.3,64,0,1,21,4
Adam Gilchrist,,2013,Punjab Kings,13,1,294,229,24.5,128.4,85,0,1,41,6
Adam Milne,,2017,Royal Challengers Bengaluru,3,0,7,12,2.33,58.3,5,0,0,0,0
Adam Milne,,2021,Mumbai Indians,3,1,16,17,8.0,94.1,15,0,0,0,1
Adam Voges,,2010,Rajasthan Royals,7,2,181,143,36.2,126.6,45,0,0,15,3
Adam Zampa,,2016,Rising Pune Supergiants,1,0,0,1,0.0,0.0,0,0,0,0,0
Adam Zampa,,2017,Rising Pune Supergiant,1,0,5,7,5.0,71.4,5,0,0,1,0
Adam Zampa,,2023,Rajasthan Royals,3,0,10,16,3.33,62.5,7,0,0,0,0
Adil Rashid,,2023,Sunrisers Hyderabad,2,0,22,16,11.0,137.5,18,0,0,2,1
Aditya Tare,,2010,Mumbai Indians,4,0,50,36,12.5,138.9,23,0,0,5,3
Aditya Tare,,2013,Mumbai Indians,5,0,123,84,24.6,146.4,59,0,1,14,5
Aditya Tare,,2014,Mumbai Indians,11,3,126,98,15.75,128.6,24,0,0,16,3
Aditya Tare,,2015,Mumbai Indians,2,0,14,17,7.0,82.4,7,0,0,1,0
Aditya Tare,,2016,Sunrisers Hyderabad,2,0,8,15,4.0,53.3,8,0,0,1,0
Aditya Tare,,2017,Delhi Capitals,3,0,18,23,6.0,78.3,18,0,0,3,0
Adrian Barath,,2010,Punjab Kings,3,1,42,42,21.0,100.0,33,0,0,5,1
Aiden Markram,,2021,Punjab Kings,6,1,146,119,29.2,122.7,42,0,0,12,4
Aiden Markram,,2022,Sunrisers Hyderabad,12,4,381,274,47.62,139.1,68,0,3,25,19
Aiden Markram,,2023,Sunrisers Hyderabad,13,2,248,197,22.55,125.9,50,0,1,18,8
Aiden Markram,,2024,Sunrisers Hyderabad,11,2,220,177,24.44,124.3,50,0,1,18,4
Aiden Markram,,2025,Lucknow Super Giants,13,0,445,299,34.23,148.8,66,0,5,38,22
Ajantha Mendis,,2009,Kolkata Knight Riders,1,0,0,1,0.0,0.0,0,0,0,0,0
Ajantha Mendis,,2010,Kolkata Knight Riders,1,1,1,1,1.0,100.0,1,0,0,0,0
Ajantha Mendis,,2013,Pune Warriors,1,0,2,4,2.0,50.0,2,0,0,0,0
Ajinkya Rahane,,2008,Mumbai Indians,2,0,4,17,2.0,23.5,4,0,0,1,0
Ajinkya Rahane,,2009,Mumbai Indians,7,1,144,123,24.0,117.1,62,0,2,12,3
Ajinkya Rahane,,2011,Rajasthan Royals,7,1,120,98,20.0,122.4,52,0,1,12,2
Ajinkya Rahane,,2012,Rajasthan Royals,16,1,560,433,37.33,129.3,103,1,3,73,10
Ajinkya Rahane,,2013,Rajasthan Royals,18,3,488,458,32.53,106.6,68,0,4,42,11
Ajinkya Rahane,,2014,Rajasthan Royals,12,0,339,291,28.25,116.5,72,0,3,38,3
Ajinkya Rahane,,2015,Rajasthan Royals,13,2,540,413,49.09,130.8,91,0,4,53,13
Ajinkya Rahane,,2016,Rising Pune Supergiants,14,3,480,379,43.64,126.6,74,0,6,54,9
Ajinkya Rahane,,2017,Rising Pune Supergiant,16,1,382,323,25.47,118.3,60,0,2,35,9
Ajinkya Rahane,,2018,Rajasthan Royals,14,1,370,313,28.46,118.2,65,0,1,39,5
Ajinkya Rahane,,2019,Rajasthan Royals,13,0,393,285,30.23,137.9,105,1,1,45,9
Ajinkya Rahane,,2020,Delhi Capitals,8,0,113,107,14.12,105.6,60,0,1,12,2
Ajinkya Rahane,,2021,Delhi Capitals,1,0,8,8,8.0,100.0,8,0,0,1,0
Ajinkya Rahane,,2022,Kolkata Knight Riders,7,0,133,128,19.0,103.9,44,0,0,14,4
Ajinkya Rahane,,2023,Chennai Super Kings,11,1,326,189,32.6,172.5,71,0,2,24,16
Ajinkya Rahane,,2024,Chennai Super Kings,12,0,242,196,20.17,123.5,45,0,0,23,7
Ajinkya Rahane,,2025,Kolkata Knight Riders,12,1,390,264,35.45,147.7,61,0,3,36,20
Ajit Agarkar,,2008,Kolkata Knight Riders,6,1,54,46,10.8,117.4,20,0,0,5,2
Ajit Agarkar,,2009,Kolkata Knight Riders,5,2,66,57,22.0,115.8,39,0,0,3,3
Ajit Agarkar,,2010,Kolkata Knight Riders,4,2,40,29,20.0,137.9,17,0,0,4,0
Ajit Agarkar,,2011,Delhi Capitals,1,1,7,6,7.0,116.7,7,0,0,1,0
Ajit Agarkar,,2013,Delhi Capitals,2,1,12,16,12.0,75.0,9,0,0,0,0
Akash Chopra,,2008,Kolkata Knight Riders,5,0,42,52,8.4,80.8,24,0,0,5,0
Akash Chopra,,2009,Kolkata Knight Riders,1,0,11,19,11.0,57.9,11,0,0,2,0
Akash Deep,,2022,Royal Challengers Bengaluru,1,0,0,2,0.0,0.0,0,0,0,0,0
Akash Deep,,2023,Royal Challengers Bengaluru,1,0,17,8,17.0,212.5,17,0,0,2,1
Akash Deep,,2024,Royal Challengers Bengaluru,1,1,2,2,2.0,100.0,2,0,0,0,0
Akash Deep,,2025,Lucknow Super Giants,2,1,6,2,6.0,300.0,6,0,0,0,1
Akash Madhwal,,2024,Mumbai Indians,1,1,4,5,4.0,80.0,4,0,0,0,0
Akash Madhwal,,2025,Rajasthan Royals,1,1,4,9,4.0,44.4,4,0,0,0,0
Akeal Hosein,,2023,Sunrisers Hyderabad,1,1,16,10,16.0,160.0,16,0,0,1,1
Akila Dananjaya,,2018,Mumbai Indians,1,1,4,5,4.0,80.0,4,0,0,0,0
Aksh Deep Nath,,2016,Gujarat Titans,3,0,20,27,6.67,74.1,12,0,0,1,0
Aksh Deep Nath,,2017,Gujarat Titans,1,0,0,1,0.0,0.0,0,0,0,0,0
Aksh Deep Nath,,2018,Punjab Kings,1,0,9,13,9.0,69.2,9,0,0,1,0
Aksh Deep Nath,,2019,Royal Challengers Bengaluru,5,0,61,57,12.2,107.0,24,0,0,5,2
Akshath Reddy,,2012,Sunrisers Hyderabad,3,0,73,59,24.33,123.7,42,0,0,6,2
Akshath Reddy,,2013,Sunrisers Hyderabad,7,0,91,101,13.0,90.1,27,0,0,9,0
Albie Morkel,,2008,Chennai Super Kings,10,3,241,163,34.43,147.9,71,0,1,18,14
Albie Morkel,,2009,Chennai Super Kings,10,5,97,70,19.4,138.6,21,0,0,8,4
Albie Morkel,,2010,Chennai Super Kings,11,3,198,131,24.75,151.1,62,0,1,10,13
Albie Morkel,,2011,Chennai Super Kings,12,5,138,102,19.71,135.3,30,0,0,8,8
Albie Morkel,,2012,Chennai Super Kings,12,4,107,68,13.38,157.4,28,0,0,5,6
Albie Morkel,,2013,Chennai Super Kings,3,0,46,37,15.33,124.3,23,0,0,2,3
Albie Morkel,,2014,Royal Challengers Bengaluru,5,2,45,41,15.0,109.8,16,0,0,1,3
Albie Morkel,,2015,Delhi Capitals,3,1,86,65,43.0,132.3,73,0,1,9,2
Albie Morkel,,2016,Rising Pune Supergiants,1,0,16,9,16.0,177.8,16,0,0,0,2
Alex Carey,,2020,Delhi Capitals,3,1,32,29,16.0,110.3,14,0,0,0,1
Alex Hales,,2018,Sunrisers Hyderabad,6,0,148,118,24.67,125.4,45,0,0,13,6
Alzarri Joseph,,2019,Mumbai Indians,1,1,15,13,15.0,115.4,15,0,0,2,0
Alzarri Joseph,,2022,Gujarat Titans,3,2,5,7,5.0,71.4,4,0,0,0,0
Alzarri Joseph,,2023,Gujarat Titans,1,1,7,12,7.0,58.3,7,0,0,1,0
Aman Hakim Khan,,2022,Kolkata Knight Riders,1,0,5,3,5.0,166.7,5,0,0,1,0
Aman Hakim Khan,,2023,Delhi Capitals,9,0,110,101,12.22,108.9,51,0,1,7,6
Amit Mishra,,2008,Delhi Capitals,3,0,37,42,12.33,88.1,31,0,0,3,0
Amit Mishra,,2009,Delhi Capitals,5,2,26,20,8.67,130.0,13,0,0,2,2
Amit Mishra,,2010,Delhi Capitals,7,3,39,51,9.75,76.5,12,0,0,1,0
Amit Mishra,,2011,Sunrisers Hyderabad,9,4,68,49,13.6,138.8,25,0,0,9,1
Amit Mishra,,2012,Sunrisers Hyderabad,5,2,16,20,5.33,80.0,8,0,0,1,0
Amit Mishra,,2013,Sunrisers Hyderabad,6,2,89,96,22.25,92.7,30,0,0,9,0
Amit Mishra,,2014,Sunrisers Hyderabad,2,1,4,7,4.0,57.1,4,0,0,0,0
Amit Mishra,,2015,Delhi Capitals,4,2,8,12,4.0,66.7,4,0,0,0,0
Amit Mishra,,2016,Delhi Capitals,2,0,4,14,2.0,28.6,3,0,0,0,0
Amit Mishra,,2017,Delhi Capitals,6,5,49,52,49.0,94.2,13,0,0,2,2
Amit Mishra,,2018,Delhi Capitals,1,1,1,2,1.0,50.0,1,0,0,0,0
Amit Mishra,,2019,Delhi Capitals,4,3,21,24,21.0,87.5,8,0,0,2,0
Amit Mishra,,2023,Lucknow Super Giants,1,0,19,30,19.0,63.3,19,0,0,2,0
Amit Paunikar,,2010,Rajasthan Royals,1,0,0,1,0.0,0.0,0,0,0,0,0
Amit Paunikar,,2011,Rajasthan Royals,4,0,49,57,12.25,86.0,20,0,0,9,0
Anderson Cummins,,2015,Kolkata Knight Riders,1,0,0,2,0.0,0.0,0,0,0,0,0
Anderson Cummins,,2017,Delhi Capitals,8,3,77,53,15.4,145.3,24,0,0,5,4
Anderson Cummins,,2020,Kolkata Knight Riders,10,1,146,114,16.22,128.1,53,0,1,9,8
Anderson Cummins,,2021,Kolkata Knight Riders,5,1,93,56,23.25,166.1,66,0,1,5,8
Anderson Cummins,,2022,Kolkata Knight Riders,5,1,63,24,15.75,262.5,56,0,1,5,6
Anderson Cummins,,2024,Sunrisers Hyderabad,10,2,136,95,17.0,143.2,35,0,0,9,8
Anderson Cummins,,2025,Sunrisers Hyderabad,9,5,97,58,24.25,167.2,22,0,0,6,7
Andre Russell,,2012,Delhi Capitals,2,0,47,26,23.5,180.8,31,0,0,3,3
Andre Russell,,2013,Delhi Capitals,2,0,11,14,5.5,78.6,7,0,0,0,0
Andre Russell,,2014,Kolkata Knight Riders,2,0,2,8,1.0,25.0,1,0,0,0,0
Andre Russell,,2015,Kolkata Knight Riders,11,1,326,169,32.6,192.9,66,0,3,35,19
Andre Russell,,2016,Kolkata Knight Riders,8,1,188,114,26.86,164.9,39,0,0,10,15
Andre Russell,,2018,Kolkata Knight Riders,14,3,316,171,28.73,184.8,88,0,1,17,31
Andre Russell,,2019,Kolkata Knight Riders,13,3,510,249,51.0,204.8,80,0,4,31,52
Andre Russell,,2020,Kolkata Knight Riders,9,0,117,81,13.0,144.4,25,0,0,9,9
Andre Russell,,2021,Kolkata Knight Riders,8,1,183,120,26.14,152.5,54,0,1,14,14
Andre Russell,,2022,Kolkata Knight Riders,12,3,335,192,37.22,174.5,70,0,1,18,32
Andre Russell,,2023,Kolkata Knight Riders,14,2,227,156,18.92,145.5,42,0,0,13,18
Andre Russell,,2024,Kolkata Knight Riders,9,2,222,120,31.71,185.0,64,0,1,20,16
Andre Russell,,2025,Kolkata Knight Riders,10,1,167,102,18.56,163.7,57,0,1,16,14
Andrew Flintoff,,2009,Chennai Super Kings,3,1,62,53,31.0,117.0,24,0,0,5,2
Andrew McDonald,,2009,Delhi Capitals,1,0,3,4,3.0,75.0,3,0,0,0,0
Andrew McDonald,,2010,Delhi Capitals,3,3,65,52,65.0,125.0,33,0,0,3,2
Andrew McDonald,,2011,Delhi Capitals,1,0,8,7,8.0,114.3,8,0,0,0,0
Andrew McDonald,,2012,Royal Challengers Bengaluru,3,1,47,35,23.5,134.3,30,0,0,6,2
Andrew McDonald,,2013,Royal Challengers Bengaluru,1,0,0,2,0.0,0.0,0,0,0,0,0
Andrew Symonds,,2008,Sunrisers Hyderabad,3,1,161,105,80.5,153.3,117,1,0,15,9
Andrew Symonds,,2009,Sunrisers Hyderabad,8,0,249,166,31.12,150.0,60,0,1,15,11
Andrew Symonds,,2010,Sunrisers Hyderabad,16,2,429,341,30.64,125.8,54,0,4,35,18
Andrew Symonds,,2011,Mumbai Indians,9,5,135,138,33.75,97.8,44,0,0,9,3
Andrew Tye,,2017,Gujarat Titans,3,1,53,30,26.5,176.7,25,0,0,4,3
Andrew Tye,,2018,Punjab Kings,8,2,32,38,5.33,84.2,14,0,0,2,1
Andrew Tye,,2019,Punjab Kings,1,1,0,2,,0.0,0,0,0,0,0
Andrew Tye,,2020,Rajasthan Royals,1,0,6,6,6.0,100.0,6,0,0,0,1
Angelo Mathews,,2009,Kolkata Knight Riders,1,0,16,13,16.0,123.1,16,0,0,2,0
Angelo Mathews,,2010,Kolkata Knight Riders,10,4,233,184,38.83,126.6,65,0,1,18,8
Angelo Mathews,,2012,Pune Warriors,8,1,127,108,18.14,117.6,35,0,0,5,4
Angelo Mathews,,2013,Pune Warriors,10,2,172,139,21.5,123.7,40,0,0,5,10
Angelo Mathews,,2015,Delhi Capitals,10,3,144,104,20.57,138.5,28,0,0,12,6
Angelo Mathews,,2017,Delhi Capitals,2,0,32,27,16.0,118.5,31,0,0,2,1
Aniket Verma,,2025,Sunrisers Hyderabad,12,3,236,142,26.22,166.2,74,0,1,12,20
Anil Kumble,,2008,Royal Challengers Bengaluru,4,2,13,17,6.5,76.5,8,0,0,1,0
Anil Kumble,,2009,Royal Challengers Bengaluru,6,5,16,19,16.0,84.2,7,0,0,2,0
Anil Kumble,,2010,Royal Challengers Bengaluru,5,4,6,11,6.0,54.5,2,0,0,0,0
Anirudh Singh,,2010,Sunrisers Hyderabad,4,0,63,66,15.75,95.5,40,0,0,6,1
Ankit Rajpoot,,2013,Chennai Super Kings,1,1,2,6,2.0,33.3,2,0,0,0,0
Ankit Rajpoot,,2017,Kolkata Knight Riders,1,0,4,7,4.0,57.1,4,0,0,1,0
Ankit Rajpoot,,2018,Punjab Kings,3,0,11,18,3.67,61.1,8,0,0,1,0
Ankit Rajpoot,,2020,Rajasthan Royals,2,1,9,10,9.0,90.0,7,0,0,0,1
Ankit Sharma,,2012,Sunrisers Hyderabad,4,1,18,13,6.0,138.5,15,0,0,0,2
Ankit Sharma,,2014,Rajasthan Royals,2,0,34,30,17.0,113.3,30,0,0,4,1
Ankit Sharma,,2015,Rajasthan Royals,2,1,7,6,7.0,116.7,7,0,0,1,0
Ankit Sharma,,2016,Rising Pune Supergiants,1,1,3,3,3.0,100.0,3,0,0,0,0
Ankit Sharma,,2017,Rising Pune Supergiant,1,0,25,15,25.0,166.7,25,0,0,2,1
Ankit Soni,,2017,Gujarat Titans,3,1,7,9,3.5,77.8,7,0,0,0,1
Anmolpreet Singh,,2021,Mumbai Indians,1,0,16,14,16.0,114.3,16,0,0,2,1
Anmolpreet Singh,,2022,Mumbai Indians,2,0,13,13,6.5,100.0,8,0,0,1,0
Anmolpreet Singh,,2023,Sunrisers Hyderabad,4,0,105,82,26.25,128.0,36,0,0,15,2
Anmolpreet Singh,,2024,Sunrisers Hyderabad,2,0,5,6,2.5,83.3,5,0,0,1,0
Anrich Nortje,,2020,Delhi Capitals,3,2,7,6,7.0,116.7,3,0,0,0,0
Anrich Nortje,,2022,Delhi Capitals,1,1,1,6,1.0,16.7,1,0,0,0,0
Anrich Nortje,,2023,Delhi Capitals,7,4,37,29,12.33,127.6,23,0,0,6,0
Anrich Nortje,,2024,Delhi Capitals,2,0,4,8,2.0,50.0,4,0,0,0,0
Anuj Rawat,,2021,Rajasthan Royals,1,0,0,1,0.0,0.0,0,0,0,0,0
Anuj Rawat,,2022,Royal Challengers Bengaluru,8,0,129,118,16.12,109.3,66,0,1,10,7
Anuj Rawat,,2023,Royal Challengers Bengaluru,7,4,91,71,30.33,128.2,29,0,0,6,4
Anuj Rawat,,2024,Royal Challengers Bengaluru,5,1,98,77,24.5,127.3,48,0,0,10,3
Anukul Roy,,2022,Kolkata Knight Riders,1,0,0,2,0.0,0.0,0,0,0,0,0
Anukul Roy,,2023,Kolkata Knight Riders,4,1,23,19,7.67,121.1,13,0,0,3,0
Anukul Roy,,2024,Kolkata Knight Riders,1,1,3,3,3.0,100.0,3,0,0,0,0
Anukul Roy,,2025,Kolkata Knight Riders,1,0,0,1,0.0,0.0,0,0,0,0,0
Anureet Singh,,2015,Punjab Kings,6,3,18,31,6.0,58.1,10,0,0,0,1
Anureet Singh,,2017,Punjab Kings,1,0,15,12,15.0,125.0,15,0,0,2,0
Anureet Singh,,2018,Rajasthan Royals,1,1,3,4,3.0,75.0,3,0,0,0,0
Anustup Majumdar,,2012,Pune Warriors,4,0,87,76,21.75,114.5,31,0,0,7,2
Arindam Ghosh,,2009,Kolkata Knight Riders,2,0,7,8,3.5,87.5,7,0,0,1,0
Arjun Tendulkar,,2023,Mumbai Indians,1,0,13,9,13.0,144.4,13,0,0,0,1
Arshad Khan,,2023,Mumbai Indians,3,1,18,15,9.0,120.0,15,0,0,0,1
Arshad Khan,,2024,Lucknow Super Giants,4,1,83,54,27.67,153.7,58,0,1,6,5
Arshad Khan,,2025,Gujarat Titans,4,2,23,19,11.5,121.1,20,0,0,0,3
Arshdeep Singh,,2020,Punjab Kings,1,0,0,3,0.0,0.0,0,0,0,0,0
Arshdeep Singh,,2021,Punjab Kings,2,1,2,3,2.0,66.7,1,0,0,0,0
Arshdeep Singh,,2022,Punjab Kings,6,3,21,29,7.0,72.4,10,0,0,3,0
Arshdeep Singh,,2023,Punjab Kings,1,1,2,2,2.0,100.0,2,0,0,0,0
Arshdeep Singh,,2024,Punjab Kings,1,0,4,3,4.0,133.3,4,0,0,1,0
Arshdeep Singh,,2025,Punjab Kings,2,0,2,6,1.0,33.3,1,0,0,0,0
Arvind Sreenath,,2011,Royal Challengers Bengaluru,2,2,13,8,13.0,162.5,11,0,0,2,0
Arvind Sreenath,,2012,Royal Challengers Bengaluru,1,1,14,8,14.0,175.0,14,0,0,3,0
Arvind Sreenath,,2015,Royal Challengers Bengaluru,1,1,0,1,,0.0,0,0,0,0,0
Arvind Sreenath,,2017,Royal Challengers Bengaluru,6,3,32,40,10.67,80.0,9,0,0,2,0
Asadulla Khan,,2011,Royal Challengers Bengaluru,5,1,33,16,8.25,206.2,14,0,0,5,2
Asadulla Khan,,2012,Royal Challengers Bengaluru,2,1,6,7,6.0,85.7,4,0,0,0,0
Ashish Nehra,,2008,Mumbai Indians,3,2,3,13,3.0,23.1,2,0,0,0,0
Ashish Nehra,,2009,Delhi Capitals,1,1,1,1,1.0,100.0,1,0,0,0,0
Ashish Nehra,,2010,Delhi Capitals,2,1,23,20,23.0,115.0,22,0,0,2,1
Ashish Nehra,,2012,Pune Warriors,2,1,11,12,11.0,91.7,9,0,0,1,0
Ashish Nehra,,2013,Delhi Capitals,4,0,1,8,0.25,12.5,1,0,0,0,0
Ashish Nehra,,2015,Chennai Super Kings,4,2,1,7,0.5,14.3,1,0,0,0,0
Ashish Nehra,,2016,Sunrisers Hyderabad,1,1,1,1,1.0,100.0,1,0,0,0,0
Ashok Menaria,,2011,Rajasthan Royals,10,1,180,152,20.0,118.4,34,0,0,10,10
Ashok Menaria,,2012,Rajasthan Royals,12,1,220,202,20.0,108.9,40,0,0,14,8
Ashok Menaria,,2013,Rajasthan Royals,1,0,1,2,1.0,50.0,1,0,0,0,0
Ashoke Dinda,,2008,Kolkata Knight Riders,2,1,2,4,2.0,50.0,1,0,0,0,0
Ashoke Dinda,,2009,Kolkata Knight Riders,2,0,2,3,1.0,66.7,2,0,0,0,0
Ashoke Dinda,,2010,Kolkata Knight Riders,1,0,0,1,0.0,0.0,0,0,0,0,0
Ashoke Dinda,,2011,Delhi Capitals,1,0,0,5,0.0,0.0,0,0,0,0,0
Ashoke Dinda,,2012,Pune Warriors,1,0,2,5,2.0,40.0,2,0,0,0,0
Ashoke Dinda,,2013,Pune Warriors,5,3,9,11,4.5,81.8,6,0,0,1,0
Ashoke Dinda,,2014,Royal Challengers Bengaluru,3,2,4,12,4.0,33.3,2,0,0,0,0
Ashoke Dinda,,2017,Rising Pune Supergiant,1,0,7,7,7.0,100.0,7,0,0,1,0
Ashton Turner,,2019,Rajasthan Royals,4,1,3,10,1.0,30.0,3,0,0,0,0
Ashton Turner,,2024,Lucknow Super Giants,2,0,21,18,10.5,116.7,16,0,0,0,2
Ashutosh Sharma,,2024,Punjab Kings,9,2,189,113,27.0,167.3,61,0,1,10,15
Ashutosh Sharma,,2025,Delhi Capitals,9,1,204,127,25.5,160.6,66,0,1,14,13
Asif K M,,2023,Rajasthan Royals,1,0,0,2,0.0,0.0,0,0,0,0,0
Atharva Taide,,2023,Punjab Kings,7,1,186,129,31.0,144.2,66,0,2,20,6
Atharva Taide,,2024,Punjab Kings,2,0,61,39,30.5,156.4,46,0,0,7,2
Atharva Taide,,2025,Sunrisers Hyderabad,1,0,13,9,13.0,144.4,13,0,0,3,0
Axar Patel,,2014,Punjab Kings,7,1,62,60,10.33,103.3,42,0,0,6,1
Axar Patel,,2015,Punjab Kings,12,3,206,174,22.89,118.4,40,0,0,13,8
Axar Patel,,2016,Punjab Kings,10,3,111,77,15.86,144.2,36,0,0,4,8
Axar Patel,,2017,Punjab Kings,13,5,227,162,28.38,140.1,44,0,0,11,11
Axar Patel,,2018,Punjab Kings,8,1,80,69,11.43,115.9,19,0,0,3,4
Axar Patel,,2019,Delhi Capitals,12,6,110,88,18.33,125.0,26,0,0,10,3
Axar Patel,,2020,Delhi Capitals,9,1,117,85,14.62,137.6,42,0,0,6,8
Axar Patel,,2021,Delhi Capitals,6,1,40,46,8.0,87.0,12,0,0,2,1
Axar Patel,,2022,Delhi Capitals,10,6,182,120,45.5,151.7,42,0,0,12,10
Axar Patel,,2023,Delhi Capitals,13,3,283,203,28.3,139.4,54,0,1,21,15
Axar Patel,,2024,Delhi Capitals,12,4,235,179,29.38,131.3,66,0,2,19,10
Axar Patel,,2025,Delhi Capitals,11,1,263,167,26.3,157.5,43,0,0,23,15
Ayush Badoni,,2022,Lucknow Super Giants,11,2,161,130,17.89,123.8,54,0,1,11,7
Ayush Badoni,,2023,Lucknow Super Giants,12,2,238,172,23.8,138.4,59,0,1,13,12
Ayush Badoni,,2024,Lucknow Super Giants,12,4,235,171,29.38,137.4,55,0,2,22,5
Ayush Badoni,,2025,Lucknow Super Giants,11,1,329,222,32.9,148.2,74,0,2,27,14
Azhar Mahmood,,2012,Punjab Kings,10,2,186,142,23.25,131.0,36,0,0,16,8
Azhar Mahmood,,2013,Punjab Kings,10,0,196,154,19.6,127.3,80,0,2,22,5
Azhar Mahmood,,2015,Kolkata Knight Riders,1,0,6,7,6.0,85.7,6,0,0,1,0
Azmatullah Omarzai,,2024,Gujarat Titans,4,0,42,33,10.5,127.3,17,0,0,2,2
Azmatullah Omarzai,,2025,Punjab Kings,5,1,57,41,14.25,139.0,21,0,0,6,3
B Akhil,,2008,Royal Challengers Bengaluru,7,3,46,31,11.5,148.4,27,0,0,4,3
B Akhil,,2009,Royal Challengers Bengaluru,3,0,17,15,5.67,113.3,9,0,0,1,1
B Akhil,,2011,Kochi Tuskers Kerala,1,0,13,9,13.0,144.4,13,0,0,0,1
B Chipli,,2008,Royal Challengers Bengaluru,3,0,20,28,6.67,71.4,10,0,0,3,0
B Chipli,,2011,Sunrisers Hyderabad,13,5,207,170,25.88,121.8,61,0,1,21,4
B Chipli,,2012,Sunrisers Hyderabad,4,0,37,35,9.25,105.7,25,0,0,3,2
B Chipli,,2013,Delhi Capitals,1,0,16,18,16.0,88.9,16,0,0,1,1
B Indrajith,,2022,Kolkata Knight Riders,3,0,21,30,7.0,70.0,15,0,0,2,0
B Sai Sudharsan,,2022,Gujarat Titans,5,1,145,114,36.25,127.2,65,0,1,14,3
B Sai Sudharsan,,2023,Gujarat Titans,8,2,362,256,60.33,141.4,96,0,3,33,12
B Sai Sudharsan,,2024,Gujarat Titans,12,1,527,373,47.91,141.3,103,1,2,48,16
B Sai Sudharsan,,2025,Gujarat Titans,15,1,759,486,54.21,156.2,108,1,6,88,21
B Sumanth,,2010,Sunrisers Hyderabad,4,3,35,37,35.0,94.6,16,0,0,3,0
BJ Rohrer,,2013,Delhi Capitals,8,2,193,140,32.17,137.9,64,0,1,21,5
BMAJ Mendis,,2013,Delhi Capitals,3,0,23,27,7.67,85.2,12,0,0,0,0
BR Sharath,,2024,Gujarat Titans,1,0,2,5,2.0,40.0,2,0,0,0,0
Barinder Singh Sran,,2016,Sunrisers Hyderabad,3,3,4,4,4.0,100.0,2,0,0,0,0
Barinder Singh Sran,,2018,Punjab Kings,3,2,3,7,3.0,42.9,2,0,0,0,0
Barinder Singh Sran,,2019,Mumbai Indians,1,1,3,3,3.0,100.0,3,0,0,0,0
Basil Thampi,,2017,Gujarat Titans,5,4,28,28,28.0,100.0,13,0,0,1,1
Basil Thampi,,2018,Sunrisers Hyderabad,1,0,3,6,3.0,50.0,3,0,0,0,0
Basil Thampi,,2019,Sunrisers Hyderabad,1,1,1,1,1.0,100.0,1,0,0,0,0
Ben Cutting,,2014,Rajasthan Royals,1,0,8,6,8.0,133.3,8,0,0,0,1
Ben Cutting,,2016,Sunrisers Hyderabad,4,1,65,34,21.67,191.2,39,0,0,4,6
Ben Cutting,,2017,Sunrisers Hyderabad,3,1,51,26,25.5,196.2,20,0,0,5,3
Ben Cutting,,2018,Mumbai Indians,6,2,96,58,24.0,165.5,37,0,0,5,8
Ben Cutting,,2019,Mumbai Indians,3,1,18,17,9.0,105.9,13,0,0,1,1
Ben Dunk,,2014,Mumbai Indians,3,0,40,35,13.33,114.3,20,0,0,7,0
Ben Laughlin,,2013,Chennai Super Kings,2,1,4,9,4.0,44.4,4,0,0,0,0
Ben Laughlin,,2018,Rajasthan Royals,2,1,1,4,1.0,25.0,1,0,0,0,0
Ben Stokes,,2017,Rising Pune Supergiant,11,0,316,221,28.73,143.0,103,1,1,22,15
Ben Stokes,,2018,Rajasthan Royals,12,0,196,161,16.33,121.7,45,0,0,13,6
Ben Stokes,,2019,Rajasthan Royals,9,3,123,99,20.5,124.2,46,0,0,8,4
Ben Stokes,,2020,Rajasthan Royals,8,1,285,200,40.71,142.5,107,1,1,36,7
Ben Stokes,,2021,Rajasthan Royals,1,0,0,3,0.0,0.0,0,0,0,0,0
Ben Stokes,,2023,Chennai Super Kings,2,0,15,14,7.5,107.1,8,0,0,2,0
Beuran Hendricks,,2014,Punjab Kings,1,0,0,1,0.0,0.0,0,0,0,0,0
Beuran Hendricks,,2015,Punjab Kings,1,1,1,2,1.0,50.0,1,0,0,0,0
Bhargav Bhatt,,2011,Punjab Kings,1,0,0,5,0.0,0.0,0,0,0,0,0
Bhargav Bhatt,,2012,Punjab Kings,1,1,6,2,6.0,300.0,6,0,0,0,1
Bhuvneshwar Kumar,,2011,Pune Warriors,1,0,1,1,1.0,100.0,1,0,0,0,0
Bhuvneshwar Kumar,,2012,Pune Warriors,8,5,40,40,13.33,100.0,11,0,0,4,0
Bhuvneshwar Kumar,,2013,Pune Warriors,9,2,52,71,7.43,73.2,24,0,0,3,1
Bhuvneshwar Kumar,,2014,Sunrisers Hyderabad,2,1,1,4,1.0,25.0,1,0,0,0,0
Bhuvneshwar Kumar,,2015,Sunrisers Hyderabad,3,2,17,10,17.0,170.0,11,0,0,2,1
Bhuvneshwar Kumar,,2016,Sunrisers Hyderabad,8,2,43,27,7.17,159.3,21,0,0,6,1
Bhuvneshwar Kumar,,2017,Sunrisers Hyderabad,2,1,4,4,4.0,100.0,4,0,0,0,0
Bhuvneshwar Kumar,,2018,Sunrisers Hyderabad,4,1,13,16,4.33,81.2,7,0,0,1,0
Bhuvneshwar Kumar,,2019,Sunrisers Hyderabad,4,1,12,19,4.0,63.2,7,0,0,1,0
Bhuvneshwar Kumar,,2020,Sunrisers Hyderabad,1,0,0,2,0.0,0.0,0,0,0,0,0
Bhuvneshwar Kumar,,2021,Sunrisers Hyderabad,7,4,34,30,11.33,113.3,14,0,0,3,0
Bhuvneshwar Kumar,,2022,Sunrisers Hyderabad,6,3,24,26,8.0,92.3,8,0,0,3,0
Bhuvneshwar Kumar,,2023,Sunrisers Hyderabad,5,2,42,47,14.0,89.4,27,0,0,4,0
Bhuvneshwar Kumar,,2024,Sunrisers Hyderabad,5,2,23,29,7.67,79.3,13,0,0,3,0
Bhuvneshwar Kumar,,2025,Royal Challengers Bengaluru,6,3,14,25,4.67,56.0,8,0,0,1,0
Billy Stanlake,,2018,Sunrisers Hyderabad,1,1,5,2,5.0,250.0,5,0,0,1,0
Biplab Samantaray,,2012,Sunrisers Hyderabad,1,1,2,2,2.0,100.0,2,0,0,0,0
Biplab Samantaray,,2013,Sunrisers Hyderabad,7,2,123,111,24.6,110.8,55,0,1,13,2
Bipul Sharma,,2010,Punjab Kings,2,2,9,7,9.0,128.6,8,0,0,1,0
Bipul Sharma,,2011,Punjab Kings,3,1,23,18,11.5,127.8,16,0,0,1,0
Bipul Sharma,,2012,Punjab Kings,4,1,72,47,24.0,153.2,35,0,0,6,3
Bipul Sharma,,2015,Sunrisers Hyderabad,1,0,1,2,1.0,50.0,1,0,0,0,0
Bipul Sharma,,2016,Sunrisers Hyderabad,4,2,51,25,25.5,204.0,27,0,0,1,5
Bipul Sharma,,2017,Sunrisers Hyderabad,3,2,31,24,31.0,129.2,21,0,0,2,1
Brad Haddin,,2011,Kolkata Knight Riders,1,0,18,11,18.0,163.6,18,0,0,2,1
Brad Hogg,,2012,Rajasthan Royals,2,0,15,16,7.5,93.8,13,0,0,1,0
Brad Hogg,,2015,Kolkata Knight Riders,2,1,7,6,7.0,116.7,5,0,0,0,0
Bradley Hodge,,2008,Kolkata Knight Riders,3,0,12,17,4.0,70.6,10,0,0,2,0
Bradley Hodge,,2009,Kolkata Knight Riders,12,2,365,310,36.5,117.7,73,0,3,34,9
Bradley Hodge,,2010,Kolkata Knight Riders,4,0,99,90,24.75,110.0,50,0,1,11,1
Bradley Hodge,,2011,Kochi Tuskers Kerala,14,4,285,236,28.5,120.8,51,0,1,26,9
Bradley Hodge,,2012,Rajasthan Royals,12,4,245,175,30.62,140.0,48,0,0,18,9
Bradley Hodge,,2013,Rajasthan Royals,14,6,293,218,36.62,134.4,54,0,1,27,9
Bradley Hodge,,2014,Rajasthan Royals,4,1,101,72,33.67,140.3,40,0,0,4,6
Brendon McCullum,,2008,Kolkata Knight Riders,4,1,188,92,62.67,204.3,158,1,0,13,15
Brendon McCullum,,2009,Kolkata Knight Riders,13,1,285,239,23.75,119.2,84,0,2,27,12
Brendon McCullum,,2010,Kolkata Knight Riders,5,1,114,110,28.5,103.6,57,0,1,14,2
Brendon McCullum,,2011,Kochi Tuskers Kerala,13,0,357,275,27.46,129.8,81,0,1,35,16
Brendon McCullum,,2012,Kolkata Knight Riders,12,0,289,283,24.08,102.1,56,0,1,37,3
Brendon McCullum,,2013,Kolkata Knight Riders,1,0,6,7,6.0,85.7,6,0,0,1,0
Brendon McCullum,,2014,Chennai Super Kings,14,1,405,333,31.15,121.6,71,0,3,32,19
Brendon McCullum,,2015,Chennai Super Kings,14,0,436,280,31.14,155.7,100,1,2,51,23
Brendon McCullum,,2016,Gujarat Titans,16,0,354,262,22.12,135.1,60,0,1,38,16
Brendon McCullum,,2017,Gujarat Titans,11,0,319,217,29.0,147.0,72,0,2,29,18
Brendon McCullum,,2018,Royal Challengers Bengaluru,6,0,127,88,21.17,144.3,43,0,0,16,6
Brett Lee,,2008,Punjab Kings,3,1,17,13,8.5,130.8,16,0,0,2,1
Brett Lee,,2009,Punjab Kings,4,1,28,34,9.33,82.4,14,0,0,2,1
Brett Lee,,2010,Punjab Kings,3,2,11,9,11.0,122.2,7,0,0,1,0
Brett Lee,,2011,Kolkata Knight Riders,4,1,5,9,1.67,55.6,2,0,0,0,0
Brett Lee,,2012,Kolkata Knight Riders,3,1,42,20,21.0,210.0,25,0,0,2,4
Brett Lee,,2013,Kolkata Knight Riders,2,1,21,12,21.0,175.0,16,0,0,1,2
C Madan,,2010,Mumbai Indians,1,0,15,19,15.0,78.9,15,0,0,3,0
C Nanda,,2009,Mumbai Indians,1,0,0,1,0.0,0.0,0,0,0,0,0
Callum Ferguson,,2011,Pune Warriors,4,2,48,54,24.0,88.9,16,0,0,6,0
Callum Ferguson,,2012,Pune Warriors,4,0,50,63,12.5,79.4,23,0,0,3,0
Cameron Green,,2023,Mumbai Indians,16,6,452,282,45.2,160.3,100,1,2,40,22
Cameron Green,,2024,Royal Challengers Bengaluru,12,3,255,178,28.33,143.3,46,0,0,22,10
Cameron White,,2008,Royal Challengers Bengaluru,8,1,114,102,16.29,111.8,31,0,0,8,4
Cameron White,,2010,Royal Challengers Bengaluru,5,3,48,33,24.0,145.5,21,0,0,3,3
Cameron White,,2011,Sunrisers Hyderabad,6,2,104,109,26.0,95.4,31,0,0,6,2
Cameron White,,2012,Sunrisers Hyderabad,13,2,479,320,43.55,149.7,78,0,5,41,20
Cameron White,,2013,Sunrisers Hyderabad,13,1,209,191,17.42,109.4,52,0,1,18,7
Carlos Brathwaite,,2016,Delhi Capitals,6,0,83,38,13.83,218.4,34,0,0,6,8
Carlos Brathwaite,,2017,Delhi Capitals,2,0,12,15,6.0,80.0,11,0,0,2,0
Carlos Brathwaite,,2018,Sunrisers Hyderabad,4,0,75,48,18.75,156.2,43,0,0,1,8
Carlos Brathwaite,,2019,Kolkata Knight Riders,2,0,11,10,5.5,110.0,6,0,0,1,0
Chamara Kapugedera,,2008,Chennai Super Kings,3,0,16,23,5.33,69.6,8,0,0,0,0
Chamara Silva,,2008,Sunrisers Hyderabad,3,1,40,26,20.0,153.8,23,0,0,5,1
Chaminda Vaas,,2008,Sunrisers Hyderabad,4,1,21,18,7.0,116.7,12,0,0,0,1
Chaminda Vaas,,2009,Sunrisers Hyderabad,2,0,30,21,15.0,142.9,20,0,0,1,1
Chaminda Vaas,,2010,Sunrisers Hyderabad,5,1,30,34,7.5,88.2,16,0,0,1,1
Charl Langeveldt,,2010,Kolkata Knight Riders,1,0,0,1,0.0,0.0,0,0,0,0,0
Charl Langeveldt,,2011,Royal Challengers Bengaluru,1,0,8,8,8.0,100.0,8,0,0,0,1
Chetan Sakariya,,2021,Rajasthan Royals,5,0,16,25,3.2,64.0,7,0,0,2,0
Chetan Sakariya,,2023,Delhi Capitals,2,1,4,6,4.0,66.7,4,0,0,1,0
Cheteshwar Pujara,,2010,Kolkata Knight Riders,6,2,122,115,30.5,106.1,45,0,0,14,3
Cheteshwar Pujara,,2011,Royal Challengers Bengaluru,3,0,34,31,11.33,109.7,25,0,0,4,0
Cheteshwar Pujara,,2012,Royal Challengers Bengaluru,3,0,17,22,5.67,77.3,11,0,0,1,1
Cheteshwar Pujara,,2013,Royal Challengers Bengaluru,4,0,92,99,23.0,92.9,51,0,1,14,0
Cheteshwar Pujara,,2014,Punjab Kings,6,1,125,124,25.0,100.8,40,0,0,17,0
Chidhambaram Gautam,,2013,Delhi Capitals,3,1,44,34,22.0,129.4,30,0,0,4,1
Chidhambaram Gautam,,2014,Mumbai Indians,9,2,121,111,17.29,109.0,33,0,0,13,5
Chidhambaram Gautam,,2015,Delhi Capitals,1,0,4,5,4.0,80.0,4,0,0,0,0
Chris Gayle,,2009,Kolkata Knight Riders,7,1,171,143,28.5,119.6,44,0,0,15,10
Chris Gayle,,2010,Kolkata Knight Riders,9,0,292,184,32.44,158.7,88,0,2,30,16
Chris Gayle,,2011,Royal Challengers Bengaluru,12,3,608,332,67.56,183.1,107,2,3,56,44
Chris Gayle,,2012,Royal Challengers Bengaluru,14,2,733,456,61.08,160.7,128,1,7,46,59
Chris Gayle,,2013,Royal Challengers Bengaluru,16,3,708,453,54.46,156.3,175,1,4,57,51
Chris Gayle,,2014,Royal Challengers Bengaluru,9,0,196,184,21.78,106.5,46,0,0,18,12
Chris Gayle,,2015,Royal Challengers Bengaluru,14,2,491,333,40.92,147.4,117,1,2,39,38
Chris Gayle,,2016,Royal Challengers Bengaluru,10,0,227,150,22.7,151.3,76,0,2,17,21
Chris Gayle,,2017,Royal Challengers Bengaluru,9,0,200,163,22.22,122.7,77,0,1,15,14
Chris Gayle,,2018,Punjab Kings,11,2,368,252,40.89,146.0,104,1,3,30,27
Chris Gayle,,2019,Punjab Kings,13,1,490,319,40.83,153.6,99,0,4,45,34
Chris Gayle,,2020,Punjab Kings,7,0,288,210,41.14,137.1,99,0,3,15,23
Chris Gayle,,2021,Punjab Kings,10,1,193,154,21.44,125.3,46,0,0,21,8
Chris Jordan,,2016,Royal Challengers Bengaluru,1,0,3,4,3.0,75.0,3,0,0,0,0
Chris Jordan,,2017,Sunrisers Hyderabad,1,0,0,1,0.0,0.0,0,0,0,0,0
Chris Jordan,,2020,Punjab Kings,4,1,29,31,9.67,93.5,13,0,0,2,0
Chris Jordan,,2021,Punjab Kings,2,0,32,21,16.0,152.4,30,0,0,1,3
Chris Jordan,,2022,Chennai Super Kings,2,1,11,8,11.0,137.5,6,0,0,0,0
Chris Jordan,,2023,Mumbai Indians,2,0,6,12,3.0,50.0,4,0,0,0,0
Chris Lynn,,2012,Sunrisers Hyderabad,1,0,6,9,6.0,66.7,6,0,0,1,0
Chris Lynn,,2014,Kolkata Knight Riders,2,0,58,49,29.0,118.4,45,0,0,5,3
Chris Lynn,,2016,Kolkata Knight Riders,2,1,25,22,25.0,113.6,15,0,0,0,1
Chris Lynn,,2017,Kolkata Knight Riders,7,1,295,163,49.17,181.0,93,0,3,25,19
Chris Lynn,,2018,Kolkata Knight Riders,16,1,491,377,32.73,130.2,74,0,3,56,18
Chris Lynn,,2019,Kolkata Knight Riders,13,0,405,290,31.15,139.7,82,0,4,41,22
Chris Lynn,,2021,Mumbai Indians,1,0,49,35,49.0,140.0,49,0,0,4,3
Chris Morris,,2013,Chennai Super Kings,6,4,14,16,7.0,87.5,7,0,0,0,0
Chris Morris,,2015,Rajasthan Royals,7,5,76,46,38.0,165.2,34,0,0,3,5
Chris Morris,,2016,Delhi Capitals,7,3,195,109,48.75,178.9,82,0,1,15,12
Chris Morris,,2017,Delhi Capitals,8,3,154,94,30.8,163.8,52,0,1,15,6
Chris Morris,,2018,Delhi Capitals,3,2,46,26,46.0,176.9,27,0,0,3,2
Chris Morris,,2019,Delhi Capitals,6,0,32,37,5.33,86.5,17,0,0,1,2
Chris Morris,,2020,Royal Challengers Bengaluru,5,1,34,21,8.5,161.9,25,0,0,2,3
Chris Morris,,2021,Rajasthan Royals,7,2,67,49,13.4,136.7,36,0,0,2,5
Chris Woakes,,2017,Kolkata Knight Riders,7,3,46,47,11.5,97.9,18,0,0,4,1
Chris Woakes,,2018,Royal Challengers Bengaluru,4,1,17,19,5.67,89.5,11,0,0,1,1
Chris Woakes,,2021,Delhi Capitals,1,0,15,11,15.0,136.4,15,0,0,2,0
Clinton McKay,,2012,Mumbai Indians,1,0,8,15,8.0,53.3,8,0,0,0,0
Colin Ingram,,2011,Delhi Capitals,3,1,21,26,10.5,80.8,13,0,0,2,0
Colin Ingram,,2019,Delhi Capitals,12,2,184,154,18.4,119.5,47,0,0,20,5
Colin Munro,,2016,Kolkata Knight Riders,3,0,30,30,10.0,100.0,16,0,0,3,0
Colin Munro,,2018,Delhi Capitals,4,0,63,41,15.75,153.7,33,0,0,7,4
Colin Munro,,2019,Delhi Capitals,4,0,84,70,21.0,120.0,40,0,0,9,4
Colin de Grandhomme,,2017,Kolkata Knight Riders,9,0,126,92,14.0,137.0,36,0,0,10,6
Colin de Grandhomme,,2018,Royal Challengers Bengaluru,8,3,131,84,26.2,156.0,40,0,0,4,10
Colin de Grandhomme,,2019,Royal Challengers Bengaluru,4,1,46,49,15.33,93.9,37,0,0,4,2
Corbin Bosch,,2025,Mumbai Indians,2,0,47,32,23.5,146.9,27,0,0,3,3
Corey Anderson,,2014,Mumbai Indians,11,1,265,181,26.5,146.4,95,0,1,21,15
Corey Anderson,,2015,Mumbai Indians,4,1,114,97,38.0,117.5,55,0,2,11,6
Corey Anderson,,2017,Delhi Capitals,11,4,142,123,20.29,115.4,41,0,0,8,9
Corey Anderson,,2018,Royal Challengers Bengaluru,3,0,17,22,5.67,77.3,15,0,0,0,1
Craig Overton,,2025,Chennai Super Kings,2,2,15,7,15.0,214.3,11,0,0,1,1
D B Ravi Teja,,2008,Sunrisers Hyderabad,6,0,109,82,18.17,132.9,40,0,0,10,5
D B Ravi Teja,,2009,Sunrisers Hyderabad,6,1,65,70,13.0,92.9,27,0,0,7,0
D B Ravi Teja,,2011,Sunrisers Hyderabad,9,1,183,144,22.88,127.1,60,0,1,17,4
D B Ravi Teja,,2012,Sunrisers Hyderabad,2,0,4,4,2.0,100.0,4,0,0,1,0
D B Ravi Teja,,2013,Sunrisers Hyderabad,2,1,14,17,14.0,82.4,10,0,0,0,0
D G Nalkande,,2023,Gujarat Titans,1,0,0,1,0.0,0.0,0,0,0,0,0
D G Nalkande,,2024,Gujarat Titans,1,0,12,11,12.0,109.1,12,0,0,0,1
D H Yagnik,,2011,Rajasthan Royals,4,3,16,22,16.0,72.7,10,0,0,1,0
D H Yagnik,,2012,Rajasthan Royals,3,2,25,13,25.0,192.3,10,0,0,5,0
D H Yagnik,,2013,Rajasthan Royals,9,1,125,96,15.62,130.2,34,0,0,17,2
D H Yagnik,,2014,Rajasthan Royals,1,1,4,6,4.0,66.7,4,0,0,0,0
D J Muthuswamy,,2015,Delhi Capitals,1,0,1,3,1.0,33.3,1,0,0,0,0
D Kalyankrishna,,2008,Sunrisers Hyderabad,1,0,3,8,3.0,37.5,3,0,0,0,0
D L Chahar,,2017,Rising Pune Supergiant,1,0,14,6,14.0,233.3,14,0,0,0,2
D L Chahar,,2018,Chennai Super Kings,4,1,50,29,16.67,172.4,39,0,0,1,4
D L Chahar,,2019,Chennai Super Kings,2,0,7,9,3.5,77.8,7,0,0,1,0
D L Chahar,,2020,Chennai Super Kings,3,2,7,12,7.0,58.3,5,0,0,0,0
D L Chahar,,2021,Chennai Super Kings,1,1,1,1,1.0,100.0,1,0,0,0,0
D L Chahar,,2023,Chennai Super Kings,1,1,1,2,1.0,50.0,1,0,0,0,0
D L Chahar,,2025,Mumbai Indians,4,2,37,25,18.5,148.0,28,0,0,3,2
D Salunkhe,,2008,Rajasthan Royals,3,1,33,24,16.5,137.5,26,0,0,5,0
D du Preez,,2009,Royal Challengers Bengaluru,1,0,10,13,10.0,76.9,10,0,0,0,0
D'Arcy Short,,2018,Rajasthan Royals,7,0,115,99,16.43,116.2,44,0,0,11,5
DJ Harris,,2012,Sunrisers Hyderabad,4,0,111,101,27.75,109.9,47,0,0,11,5
DJ Hussey,,2008,Kolkata Knight Riders,13,2,319,259,29.0,123.2,71,0,2,19,17
DJ Hussey,,2009,Kolkata Knight Riders,4,0,98,59,24.5,166.1,43,0,0,7,6
DJ Hussey,,2010,Kolkata Knight Riders,6,2,94,86,23.5,109.3,31,0,0,5,5
DJ Hussey,,2011,Punjab Kings,8,2,64,63,10.67,101.6,21,0,0,3,3
DJ Hussey,,2012,Punjab Kings,15,2,396,305,30.46,129.8,68,0,2,28,17
DJ Hussey,,2013,Punjab Kings,11,1,235,209,23.5,112.4,41,0,0,20,6
DJ Hussey,,2014,Chennai Super Kings,4,2,116,94,58.0,123.4,50,0,1,8,6
DJ Jacobs,,2011,Mumbai Indians,6,0,92,88,15.33,104.5,32,0,0,10,4
DJ Jacobs,,2012,Mumbai Indians,1,0,0,10,0.0,0.0,0,0,0,0,0
DJ Thornely,,2008,Mumbai Indians,4,2,39,53,19.5,73.6,30,0,0,2,2
DJ Willey,,2022,Royal Challengers Bengaluru,2,0,18,30,9.0,60.0,18,0,0,3,0
DJ Willey,,2023,Royal Challengers Bengaluru,3,3,35,32,35.0,109.4,20,0,0,4,0
DP Nannes,,2010,Delhi Capitals,2,1,4,13,4.0,30.8,3,0,0,0,0
DP Vijaykumar,,2008,Sunrisers Hyderabad,1,1,1,1,1.0,100.0,1,0,0,0,0
DS Rathi,,2025,Lucknow Super Giants,1,0,1,3,1.0,33.3,1,0,0,0,0
DT Patil,,2008,Royal Challengers Bengaluru,2,0,13,13,6.5,100.0,9,0,0,1,0
Dale Steyn,,2008,Royal Challengers Bengaluru,2,0,2,5,1.0,40.0,1,0,0,0,0
Dale Steyn,,2009,Royal Challengers Bengaluru,1,0,0,3,0.0,0.0,0,0,0,0,0
Dale Steyn,,2010,Royal Challengers Bengaluru,4,0,13,17,3.25,76.5,8,0,0,2,0
Dale Steyn,,2011,Sunrisers Hyderabad,5,1,36,35,9.0,102.9,13,0,0,3,0
Dale Steyn,,2012,Sunrisers Hyderabad,5,0,19,21,3.8,90.5,7,0,0,0,1
Dale Steyn,,2013,Sunrisers Hyderabad,8,6,53,36,26.5,147.2,18,0,0,5,2
Dale Steyn,,2014,Sunrisers Hyderabad,3,0,22,26,7.33,84.6,12,0,0,1,0
Dale Steyn,,2015,Sunrisers Hyderabad,3,1,20,13,10.0,153.8,19,0,0,3,0
Dale Steyn,,2016,Gujarat Titans,1,0,1,2,1.0,50.0,1,0,0,0,0
Dale Steyn,,2020,Royal Challengers Bengaluru,1,1,1,2,1.0,50.0,1,0,0,0,0
Damien Martyn,,2010,Rajasthan Royals,1,0,19,24,19.0,79.2,19,0,0,1,0
Daniel Christian,,2011,Sunrisers Hyderabad,13,1,190,159,15.83,119.5,30,0,0,9,7
Daniel Christian,,2012,Sunrisers Hyderabad,7,1,145,118,24.17,122.9,39,0,0,8,6
Daniel Christian,,2013,Royal Challengers Bengaluru,2,0,6,15,3.0,40.0,4,0,0,0,0
Daniel Christian,,2017,Rising Pune Supergiant,9,3,79,49,13.17,161.2,17,0,0,5,5
Daniel Christian,,2018,Delhi Capitals,3,1,26,33,13.0,78.8,13,0,0,0,1
Daniel Christian,,2021,Royal Challengers Bengaluru,7,1,14,24,2.33,58.3,9,0,0,1,0
Daniel Sams,,2020,Delhi Capitals,1,0,0,2,0.0,0.0,0,0,0,0,0
Daniel Sams,,2021,Royal Challengers Bengaluru,2,1,6,6,6.0,100.0,3,0,0,0,0
Daniel Sams,,2022,Mumbai Indians,10,3,38,36,5.43,105.6,15,0,0,1,3
Daniel Vettori,,2009,Delhi Capitals,3,1,34,32,17.0,106.2,29,0,0,3,0
Daniel Vettori,,2010,Delhi Capitals,3,2,33,27,33.0,122.2,19,0,0,4,0
Daniel Vettori,,2011,Royal Challengers Bengaluru,4,3,23,28,23.0,82.1,18,0,0,1,1
Daniel Vettori,,2012,Royal Challengers Bengaluru,6,2,31,26,7.75,119.2,20,0,0,3,1
Daren Sammy,,2013,Sunrisers Hyderabad,9,3,174,132,29.0,131.8,60,0,1,11,10
Daren Sammy,,2014,Sunrisers Hyderabad,9,2,108,91,15.43,118.7,29,0,0,4,8
Daren Sammy,,2015,Royal Challengers Bengaluru,2,0,13,18,6.5,72.2,7,0,0,0,0
Darren Bravo,,2017,Kolkata Knight Riders,1,1,6,5,6.0,120.0,6,0,0,1,0
Darren Lehmann,,2008,Rajasthan Royals,2,0,18,18,9.0,100.0,17,0,0,3,0
Daryl Mitchell,,2022,Rajasthan Royals,2,0,33,44,16.5,75.0,17,0,0,1,0
Daryl Mitchell,,2024,Chennai Super Kings,13,0,318,223,24.46,142.6,63,0,2,27,10
Dasun Shanaka,,2023,Gujarat Titans,3,0,26,26,8.67,100.0,17,0,0,2,1
David Miller,,2012,Punjab Kings,6,2,98,75,24.5,130.7,34,0,0,6,4
David Miller,,2013,Punjab Kings,12,4,418,254,52.25,164.6,101,1,3,28,24
David Miller,,2014,Punjab Kings,16,6,446,299,44.6,149.2,66,0,3,34,21
David Miller,,2015,Punjab Kings,13,2,357,266,32.45,134.2,89,0,2,21,21
David Miller,,2016,Punjab Kings,13,3,161,131,16.1,122.9,31,0,0,11,4
David Miller,,2017,Punjab Kings,4,1,83,80,27.67,103.8,30,0,0,4,4
David Miller,,2018,Punjab Kings,3,1,74,64,37.0,115.6,26,0,0,3,2
David Miller,,2019,Punjab Kings,10,2,213,164,26.62,129.9,59,0,1,19,7
David Miller,,2021,Rajasthan Royals,8,3,124,113,24.8,109.7,62,0,1,11,3
David Miller,,2022,Gujarat Titans,16,7,481,337,53.44,142.7,94,0,2,32,23
David Miller,,2023,Gujarat Titans,13,5,259,178,32.38,145.5,46,0,0,18,13
David Miller,,2024,Gujarat Titans,9,2,210,139,30.0,151.1,55,0,1,20,8
David Miller,,2025,Lucknow Super Giants,10,4,153,120,25.5,127.5,27,0,0,13,4
David Warner,,2009,Delhi Capitals,7,0,163,132,23.29,123.5,51,0,1,16,5
David Warner,,2010,Delhi Capitals,11,1,282,191,28.2,147.6,107,1,1,27,14
David Warner,,2011,Delhi Capitals,13,0,324,276,24.92,117.4,77,0,3,34,11
David Warner,,2012,Delhi Capitals,8,1,256,156,36.57,164.1,109,1,1,28,14
David Warner,,2013,Delhi Capitals,16,3,410,323,31.54,126.9,77,0,4,41,14
David Warner,,2014,Sunrisers Hyderabad,14,3,528,375,48.0,140.8,90,0,6,39,24
David Warner,,2015,Sunrisers Hyderabad,14,1,562,359,43.23,156.5,91,0,7,65,21
David Warner,,2016,Sunrisers Hyderabad,17,2,848,560,56.53,151.4,93,0,9,88,31
David Warner,,2017,Sunrisers Hyderabad,14,3,641,452,58.27,141.8,126,1,4,63,26
David Warner,,2019,Sunrisers Hyderabad,12,0,692,481,57.67,143.9,100,1,8,57,21
David Warner,,2020,Sunrisers Hyderabad,16,2,548,407,39.14,134.6,85,0,4,52,14
David Warner,,2021,Sunrisers Hyderabad,8,0,195,181,24.38,107.7,57,0,2,15,6
David Warner,,2022,Delhi Capitals,12,3,432,287,48.0,150.5,92,0,5,52,15
David Warner,,2023,Delhi Capitals,14,0,516,392,36.86,131.6,86,0,6,69,10
David Warner,,2024,Delhi Capitals,8,0,168,125,21.0,134.4,52,0,1,17,10
David Wiese,,2015,Royal Challengers Bengaluru,7,2,122,86,24.4,141.9,47,0,0,12,4
David Wiese,,2016,Royal Challengers Bengaluru,1,1,5,4,5.0,125.0,5,0,0,0,0
David Wiese,,2023,Kolkata Knight Riders,3,2,21,11,21.0,190.9,12,0,0,0,3
Dawid Malan,,2021,Punjab Kings,1,0,26,26,26.0,100.0,26,0,0,1,1
Debabrata Das,,2008,Kolkata Knight Riders,6,0,103,94,17.17,109.6,31,0,0,9,5
Debabrata Das,,2012,Kolkata Knight Riders,10,7,126,93,42.0,135.5,35,0,0,9,6
Debabrata Das,,2013,Kolkata Knight Riders,6,0,75,74,12.5,101.4,23,0,0,5,5
Deepak Jagbir Hooda,,2015,Rajasthan Royals,9,0,151,95,16.78,158.9,54,0,1,6,11
Deepak Jagbir Hooda,,2016,Sunrisers Hyderabad,15,1,144,121,10.29,119.0,34,0,0,9,5
Deepak Jagbir Hooda,,2017,Sunrisers Hyderabad,6,3,78,52,26.0,150.0,19,0,0,5,4
Deepak Jagbir Hooda,,2018,Sunrisers Hyderabad,8,4,87,81,21.75,107.4,32,0,0,2,3
Deepak Jagbir Hooda,,2019,Sunrisers Hyderabad,7,1,64,63,10.67,101.6,20,0,0,5,1
Deepak Jagbir Hooda,,2020,Punjab Kings,5,3,101,71,50.5,142.3,62,0,1,5,5
Deepak Jagbir Hooda,,2021,Punjab Kings,11,1,160,123,16.0,130.1,64,0,1,9,9
Deepak Jagbir Hooda,,2022,Lucknow Super Giants,14,0,451,330,32.21,136.7,59,0,4,36,18
Deepak Jagbir Hooda,,2023,Lucknow Super Giants,12,1,84,90,7.64,93.3,17,0,0,3,2
Deepak Jagbir Hooda,,2024,Lucknow Super Giants,9,1,145,105,18.12,138.1,50,0,1,16,3
Deepak Jagbir Hooda,,2025,Chennai Super Kings,5,0,31,41,6.2,75.6,22,0,0,2,1
Devdutt Padikkal,,2020,Royal Challengers Bengaluru,15,0,473,379,31.53,124.8,74,0,5,51,8
Devdutt Padikkal,,2021,Royal Challengers Bengaluru,14,1,411,328,31.62,125.3,101,1,1,44,14
Devdutt Padikkal,,2022,Rajasthan Royals,17,0,376,306,22.12,122.9,54,0,1,40,14
Devdutt Padikkal,,2023,Rajasthan Royals,11,0,261,200,23.73,130.5,52,0,2,31,6
Devdutt Padikkal,,2024,Lucknow Super Giants,7,0,38,53,5.43,71.7,13,0,0,3,0
Devdutt Padikkal,,2025,Royal Challengers Bengaluru,10,1,247,164,27.44,150.6,61,0,2,21,14
Devon Conway,,2022,Chennai Super Kings,7,1,252,173,42.0,145.7,87,0,3,22,12
Devon Conway,,2023,Chennai Super Kings,15,1,672,481,48.0,139.7,92,0,6,77,18
Devon Conway,,2025,Chennai Super Kings,6,1,156,119,31.2,131.1,69,0,2,17,4
Dewald Brevis,,2022,Mumbai Indians,7,0,161,113,23.0,142.5,49,0,0,14,11
Dewald Brevis,,2024,Mumbai Indians,3,0,69,59,23.0,116.9,46,0,0,3,5
Dewald Brevis,,2025,Chennai Super Kings,6,0,225,125,37.5,180.0,57,0,2,13,17
Dhawal Kulkarni,,2008,Mumbai Indians,1,1,2,16,2.0,12.5,2,0,0,0,0
Dhawal Kulkarni,,2009,Mumbai Indians,3,1,9,17,4.5,52.9,7,0,0,0,0
Dhawal Kulkarni,,2011,Mumbai Indians,1,0,2,4,2.0,50.0,2,0,0,0,0
Dhawal Kulkarni,,2012,Mumbai Indians,1,1,10,5,10.0,200.0,10,0,0,2,0
Dhawal Kulkarni,,2014,Rajasthan Royals,2,1,35,25,35.0,140.0,28,0,0,1,2
Dhawal Kulkarni,,2015,Rajasthan Royals,2,0,4,11,2.0,36.4,3,0,0,0,0
Dhawal Kulkarni,,2016,Gujarat Titans,5,3,27,16,13.5,168.8,10,0,0,3,0
Dhawal Kulkarni,,2017,Gujarat Titans,1,0,1,2,1.0,50.0,1,0,0,0,0
Dhawal Kulkarni,,2018,Rajasthan Royals,2,0,6,7,3.0,85.7,3,0,0,0,0
Dhawal Kulkarni,,2019,Rajasthan Royals,1,1,5,3,5.0,166.7,5,0,0,1,0
Dhawal Kulkarni,,2020,Mumbai Indians,1,1,3,2,3.0,150.0,3,0,0,0,0
Dhruv Chand Jurel,,2023,Rajasthan Royals,11,2,152,88,16.89,172.7,34,0,0,11,9
Dhruv Chand Jurel,,2024,Rajasthan Royals,11,3,195,141,24.38,138.3,56,0,2,18,7
Dhruv Chand Jurel,,2025,Rajasthan Royals,13,4,333,213,37.0,156.3,70,0,2,22,22
Dhruv Shorey,,2018,Chennai Super Kings,1,0,8,9,8.0,88.9,8,0,0,0,1
Dhruv Shorey,,2019,Chennai Super Kings,1,0,5,8,5.0,62.5,5,0,0,0,0
Dilhara Fernando,,2008,Mumbai Indians,1,0,2,1,2.0,200.0,2,0,0,0,0
Dilhara Fernando,,2010,Mumbai Indians,1,1,2,2,2.0,100.0,2,0,0,0,0
Dinesh Karthik,,2008,Delhi Capitals,8,1,145,107,20.71,135.5,56,0,1,13,4
Dinesh Karthik,,2009,Delhi Capitals,13,4,288,217,32.0,132.7,52,0,1,20,9
Dinesh Karthik,,2010,Delhi Capitals,14,1,278,237,21.38,117.3,69,0,1,26,6
Dinesh Karthik,,2011,Punjab Kings,13,2,282,220,25.64,128.2,69,0,1,32,7
Dinesh Karthik,,2012,Mumbai Indians,14,0,238,213,17.0,111.7,44,0,0,30,2
Dinesh Karthik,,2013,Mumbai Indians,19,0,510,411,26.84,124.1,86,0,2,54,14
Dinesh Karthik,,2014,Delhi Capitals,14,0,325,258,23.21,126.0,69,0,3,28,11
Dinesh Karthik,,2015,Royal Challengers Bengaluru,11,0,141,117,12.82,120.5,28,0,0,15,4
Dinesh Karthik,,2016,Gujarat Titans,15,1,335,266,23.93,125.9,53,0,3,38,3
Dinesh Karthik,,2017,Gujarat Titans,13,3,361,259,36.1,139.4,65,0,2,30,11
Dinesh Karthik,,2018,Kolkata Knight Riders,16,6,498,337,49.8,147.8,52,0,2,49,16
Dinesh Karthik,,2019,Kolkata Knight Riders,12,3,253,173,28.11,146.2,97,0,2,22,14
Dinesh Karthik,,2020,Kolkata Knight Riders,14,2,169,134,14.08,126.1,58,0,1,20,4
Dinesh Karthik,,2021,Kolkata Knight Riders,15,5,223,170,22.3,131.2,40,0,0,22,7
Dinesh Karthik,,2022,Royal Challengers Bengaluru,16,9,330,180,47.14,183.3,66,0,1,27,22
Dinesh Karthik,,2023,Royal Challengers Bengaluru,13,1,140,104,11.67,134.6,30,0,0,13,5
Dinesh Karthik,,2024,Royal Challengers Bengaluru,13,3,326,174,32.6,187.4,83,0,2,27,22
Donovan Ferreira,,2024,Rajasthan Royals,2,0,8,11,4.0,72.7,7,0,0,0,0
Donovan Ferreira,,2025,Delhi Capitals,1,0,1,3,1.0,33.3,1,0,0,0,0
Doug Bollinger,,2010,Chennai Super Kings,2,2,18,17,18.0,105.9,16,0,0,1,1
Doug Bollinger,,2011,Chennai Super Kings,1,1,0,1,,0.0,0,0,0,0,0
Doug Bollinger,,2012,Chennai Super Kings,1,0,3,5,3.0,60.0,3,0,0,0,0
Douglas Bracewell,,2012,Delhi Capitals,1,0,12,9,12.0,133.3,12,0,0,1,0
Dushmantha Chameera,,2022,Lucknow Super Giants,7,3,43,28,10.75,153.6,17,0,0,3,3
Dushmantha Chameera,,2025,Delhi Capitals,3,3,10,14,10.0,71.4,8,0,0,0,0
Dwaine Pretorius,,2022,Chennai Super Kings,5,1,44,28,11.0,157.1,22,0,0,3,3
Dwayne Bravo,,2008,Mumbai Indians,7,1,178,134,29.67,132.8,64,0,1,19,5
Dwayne Bravo,,2009,Mumbai Indians,10,2,218,203,27.25,107.4,70,0,2,15,8
Dwayne Bravo,,2010,Mumbai Indians,8,1,61,53,8.71,115.1,23,0,0,3,4
Dwayne Bravo,,2011,Chennai Super Kings,2,1,11,6,11.0,183.3,6,0,0,1,1
Dwayne Bravo,,2012,Chennai Super Kings,16,7,371,264,41.22,140.5,48,0,0,20,20
Dwayne Bravo,,2013,Chennai Super Kings,12,4,121,106,15.12,114.2,23,0,0,11,3
Dwayne Bravo,,2014,Chennai Super Kings,1,1,8,3,8.0,266.7,8,0,0,0,1
Dwayne Bravo,,2015,Chennai Super Kings,13,4,195,148,21.67,131.8,62,0,1,22,5
Dwayne Bravo,,2016,Gujarat Titans,12,4,99,82,12.38,120.7,22,0,0,11,1
Dwayne Bravo,,2018,Chennai Super Kings,10,6,141,91,35.25,154.9,68,0,1,8,10
Dwayne Bravo,,2019,Chennai Super Kings,8,3,80,66,16.0,121.2,27,0,0,6,3
Dwayne Bravo,,2020,Chennai Super Kings,2,0,7,6,3.5,116.7,7,0,0,0,0
Dwayne Bravo,,2021,Chennai Super Kings,3,1,47,18,23.5,261.1,23,0,0,3,4
Dwayne Bravo,,2022,Chennai Super Kings,6,4,23,24,11.5,95.8,12,0,0,1,1
Dwayne Smith,,2008,Mumbai Indians,3,0,45,40,15.0,112.5,20,0,0,5,1
Dwayne Smith,,2009,Sunrisers Hyderabad,8,0,215,132,26.88,162.9,49,0,0,12,15
Dwayne Smith,,2010,Sunrisers Hyderabad,3,1,22,25,11.0,88.0,13,0,0,1,1
Dwayne Smith,,2012,Mumbai Indians,6,1,157,98,31.4,160.2,87,0,1,18,7
Dwayne Smith,,2013,Mumbai Indians,13,0,418,341,32.15,122.6,68,0,4,40,19
Dwayne Smith,,2014,Chennai Super Kings,16,0,566,416,35.38,136.1,79,0,5,50,34
Dwayne Smith,,2015,Chennai Super Kings,16,0,399,335,24.94,119.1,62,0,2,52,16
Dwayne Smith,,2016,Gujarat Titans,12,1,324,221,29.45,146.6,73,0,3,35,16
Dwayne Smith,,2017,Gujarat Titans,11,0,239,156,21.73,153.2,74,0,2,32,8
E Lewis,,2018,Mumbai Indians,13,0,382,276,29.38,138.4,65,0,2,32,24
E Lewis,,2019,Mumbai Indians,3,0,48,52,16.0,92.3,32,0,0,4,2
E Lewis,,2021,Rajasthan Royals,5,0,151,93,30.2,162.4,58,0,1,18,7
E Lewis,,2022,Lucknow Super Giants,5,2,73,56,24.33,130.4,55,0,1,8,3
Eklavya Dwivedi,,2016,Gujarat Titans,2,0,24,14,12.0,171.4,19,0,0,2,2
Eoin Morgan,,2010,Royal Challengers Bengaluru,4,1,35,30,11.67,116.7,17,0,0,2,1
Eoin Morgan,,2011,Kolkata Knight Riders,9,0,137,117,15.22,117.1,66,0,1,17,3
Eoin Morgan,,2013,Kolkata Knight Riders,13,1,307,240,25.58,127.9,51,0,1,28,13
Eoin Morgan,,2015,Sunrisers Hyderabad,9,0,187,151,20.78,123.8,63,0,1,11,11
Eoin Morgan,,2016,Sunrisers Hyderabad,6,1,123,105,24.6,117.1,51,0,1,8,4
Eoin Morgan,,2017,Punjab Kings,4,0,65,62,16.25,104.8,26,0,0,6,2
Eoin Morgan,,2020,Kolkata Knight Riders,14,4,418,302,41.8,138.4,68,0,1,32,24
Eoin Morgan,,2021,Kolkata Knight Riders,15,3,133,139,11.08,95.7,47,0,0,8,6
F Behardien,,2016,Punjab Kings,3,1,14,13,7.0,107.7,9,0,0,2,0
F Y Fazal,,2010,Rajasthan Royals,9,1,164,154,20.5,106.5,45,0,0,19,1
F Y Fazal,,2011,Rajasthan Royals,2,0,19,19,9.5,100.0,16,0,0,3,0
Fabian Allen,,2021,Punjab Kings,2,1,6,12,6.0,50.0,6,0,0,0,0
Fabian Allen,,2022,Mumbai Indians,1,0,8,7,8.0,114.3,8,0,0,1,0
Faf du Plessis,,2012,Chennai Super Kings,12,0,398,304,33.17,130.9,73,0,3,29,17
Faf du Plessis,,2014,Chennai Super Kings,12,1,303,235,27.55,128.9,54,0,2,26,7
Faf du Plessis,,2015,Chennai Super Kings,15,2,380,304,29.23,125.0,55,0,1,37,5
Faf du Plessis,,2016,Rising Pune Supergiants,6,0,206,162,34.33,127.2,69,0,2,17,9
Faf du Plessis,,2017,Rising Pune Supergiant,1,0,8,7,8.0,114.3,8,0,0,1,0
Faf du Plessis,,2018,Chennai Super Kings,6,0,162,129,27.0,125.6,67,0,1,17,6
Faf du Plessis,,2019,Chennai Super Kings,12,1,396,321,36.0,123.4,96,0,3,36,15
Faf du Plessis,,2020,Chennai Super Kings,13,2,449,319,40.82,140.8,87,0,4,42,14
Faf du Plessis,,2021,Chennai Super Kings,16,2,633,458,45.21,138.2,95,0,6,60,23
Faf du Plessis,,2022,Royal Challengers Bengaluru,16,1,468,367,31.2,127.5,96,0,3,49,13
Faf du Plessis,,2023,Royal Challengers Bengaluru,14,1,730,475,56.15,153.7,84,0,8,60,36
Faf du Plessis,,2024,Royal Challengers Bengaluru,15,0,438,271,29.2,161.6,64,0,4,47,21
Faf du Plessis,,2025,Delhi Capitals,9,0,202,163,22.44,123.9,62,0,2,18,8
Farveez Maharoof,,2008,Delhi Capitals,8,2,125,79,20.83,158.2,39,0,0,10,7
Farveez Maharoof,,2009,Delhi Capitals,2,1,21,21,21.0,100.0,18,0,0,0,0
Farveez Maharoof,,2010,Delhi Capitals,4,1,31,23,10.33,134.8,28,0,0,2,2
Fazalhaq Farooqi,,2022,Sunrisers Hyderabad,1,1,2,8,2.0,25.0,2,0,0,0,0
Fazalhaq Farooqi,,2023,Sunrisers Hyderabad,1,1,1,5,1.0,20.0,1,0,0,0,0
Fazalhaq Farooqi,,2025,Rajasthan Royals,1,1,2,2,2.0,100.0,2,0,0,0,0
Fidel Edwards,,2009,Sunrisers Hyderabad,2,1,4,5,4.0,80.0,3,0,0,0,0
GHS Garton,,2021,Royal Challengers Bengaluru,2,1,2,4,2.0,50.0,2,0,0,0,0
GR Napier,,2009,Mumbai Indians,1,0,15,16,15.0,93.8,15,0,0,1,0
Gautam Gambhir,,2008,Delhi Capitals,14,1,534,379,41.08,140.9,86,0,5,68,8
Gautam Gambhir,,2009,Delhi Capitals,15,2,286,278,22.0,102.9,71,0,1,32,2
Gautam Gambhir,,2010,Delhi Capitals,10,1,277,217,30.78,127.6,72,0,2,32,2
Gautam Gambhir,,2011,Kolkata Knight Riders,15,4,378,317,34.36,119.2,75,0,2,44,3
Gautam Gambhir,,2012,Kolkata Knight Riders,17,1,590,411,36.88,143.6,93,0,6,64,17
Gautam Gambhir,,2013,Kolkata Knight Riders,15,0,406,343,27.07,118.4,60,0,4,51,5
Gautam Gambhir,,2014,Kolkata Knight Riders,16,1,335,293,22.33,114.3,69,0,3,36,4
Gautam Gambhir,,2015,Kolkata Knight Riders,13,0,327,278,25.15,117.6,60,0,3,41,4
Gautam Gambhir,,2016,Kolkata Knight Riders,15,2,501,411,38.54,121.9,90,0,5,54,6
Gautam Gambhir,,2017,Kolkata Knight Riders,16,3,498,389,38.31,128.0,76,0,4,62,7
Gautam Gambhir,,2018,Delhi Capitals,5,0,85,88,17.0,96.6,55,0,1,8,1
George Bailey,,2009,Chennai Super Kings,2,0,45,39,22.5,115.4,30,0,0,7,0
George Bailey,,2010,Chennai Super Kings,1,0,18,27,18.0,66.7,18,0,0,2,0
George Bailey,,2014,Punjab Kings,16,6,257,190,25.7,135.3,40,0,0,19,10
George Bailey,,2015,Punjab Kings,12,1,259,190,23.55,136.3,61,0,2,22,7
George Bailey,,2016,Rising Pune Supergiants,5,1,84,98,21.0,85.7,34,0,0,9,2
Gerald Coetzee,,2024,Mumbai Indians,5,1,14,22,3.5,63.6,8,0,0,0,1
Gerald Coetzee,,2025,Gujarat Titans,2,0,17,11,8.5,154.5,12,0,0,2,1
Glenn Maxwell,,2012,Delhi Capitals,2,1,6,11,6.0,54.5,3,0,0,0,0
Glenn Maxwell,,2013,Mumbai Indians,3,1,36,27,18.0,133.3,23,0,0,1,4
Glenn Maxwell,,2014,Punjab Kings,16,0,552,294,34.5,187.8,95,0,4,48,36
Glenn Maxwell,,2015,Punjab Kings,11,0,145,112,13.18,129.5,43,0,0,13,8
Glenn Maxwell,,2016,Punjab Kings,10,1,179,124,19.89,144.4,68,0,2,14,8
Glenn Maxwell,,2017,Punjab Kings,13,3,310,179,31.0,173.2,47,0,0,19,26
Glenn Maxwell,,2018,Delhi Capitals,12,0,169,120,14.08,140.8,47,0,0,14,9
Glenn Maxwell,,2020,Punjab Kings,11,4,108,106,15.43,101.9,32,0,0,9,0
Glenn Maxwell,,2021,Royal Challengers Bengaluru,14,2,513,356,42.75,144.1,78,0,6,48,21
Glenn Maxwell,,2022,Royal Challengers Bengaluru,13,2,301,178,27.36,169.1,55,0,1,31,15
Glenn Maxwell,,2023,Royal Challengers Bengaluru,14,2,400,218,33.33,183.5,77,0,5,29,31
Glenn Maxwell,,2024,Royal Challengers Bengaluru,9,0,52,43,5.78,120.9,28,0,0,6,2
Glenn Maxwell,,2025,Punjab Kings,6,0,48,49,8.0,98.0,30,0,0,5,1
Glenn McGrath,,2008,Delhi Capitals,2,0,4,5,2.0,80.0,4,0,0,1,0
Glenn Phillips,,2021,Rajasthan Royals,3,1,26,33,13.0,78.8,14,0,0,1,2
Glenn Phillips,,2023,Sunrisers Hyderabad,5,0,39,22,7.8,177.3,25,0,0,2,4
Gowtham K,,2018,Rajasthan Royals,13,3,126,64,12.6,196.9,33,0,0,9,9
Gowtham K,,2019,Rajasthan Royals,4,1,18,19,6.0,94.7,9,0,0,1,1
Gowtham K,,2020,Punjab Kings,2,1,42,27,42.0,155.6,22,0,0,3,2
Gowtham K,,2022,Lucknow Super Giants,1,0,0,1,0.0,0.0,0,0,0,0,0
Gowtham K,,2023,Lucknow Super Giants,7,3,61,37,15.25,164.9,23,0,0,2,5
Graeme Smith,,2008,Rajasthan Royals,11,2,441,362,49.0,121.8,91,0,3,54,8
Graeme Smith,,2009,Rajasthan Royals,12,0,212,216,17.67,98.1,77,0,1,27,1
Graeme Smith,,2010,Rajasthan Royals,2,0,44,39,22.0,112.8,26,0,0,7,0
Graeme Smith,,2011,Pune Warriors,4,0,42,51,10.5,82.4,24,0,0,6,0
Gulbadeen Naib,,2024,Delhi Capitals,1,0,19,15,19.0,126.7,19,0,0,1,1
Gurkeerat Singh,,2012,Punjab Kings,4,1,86,52,28.67,165.4,29,0,0,12,2
Gurkeerat Singh,,2013,Punjab Kings,9,0,108,95,12.0,113.7,31,0,0,10,3
Gurkeerat Singh,,2015,Punjab Kings,5,0,35,39,7.0,89.7,15,0,0,3,1
Gurkeerat Singh,,2016,Punjab Kings,6,1,113,86,22.6,131.4,51,0,1,11,3
Gurkeerat Singh,,2019,Royal Challengers Bengaluru,3,0,98,70,32.67,140.0,65,0,1,11,2
Gurkeerat Singh,,2020,Royal Challengers Bengaluru,5,4,71,80,71.0,88.8,21,0,0,8,0
H Das,,2008,Sunrisers Hyderabad,1,0,2,5,2.0,40.0,2,0,0,0,0
H V Patel,,2012,Royal Challengers Bengaluru,3,1,15,15,7.5,100.0,10,0,0,1,0
H V Patel,,2014,Royal Challengers Bengaluru,3,1,13,7,6.5,185.7,6,0,0,1,1
H V Patel,,2015,Royal Challengers Bengaluru,6,0,19,12,3.17,158.3,9,0,0,0,2
H V Patel,,2018,Delhi Capitals,2,1,60,33,60.0,181.8,36,0,0,1,6
H V Patel,,2019,Delhi Capitals,1,0,0,2,0.0,0.0,0,0,0,0,0
H V Patel,,2020,Delhi Capitals,2,0,21,24,10.5,87.5,16,0,0,2,0
H V Patel,,2021,Royal Challengers Bengaluru,7,1,59,46,9.83,128.3,31,0,0,6,2
H V Patel,,2022,Royal Challengers Bengaluru,7,3,43,39,10.75,110.3,11,0,0,4,2
H V Patel,,2023,Royal Challengers Bengaluru,2,0,6,6,3.0,100.0,6,0,0,0,1
H V Patel,,2024,Punjab Kings,4,0,13,19,3.25,68.4,12,0,0,1,1
H V Patel,,2025,Sunrisers Hyderabad,4,2,21,26,10.5,80.8,12,0,0,0,0
HC Brook,,2023,Sunrisers Hyderabad,11,2,190,154,21.11,123.4,100,1,0,23,4
HF Gurney,,2019,Kolkata Knight Riders,1,1,1,5,1.0,20.0,1,0,0,0,0
HKSR Kaluhalamulla,,2011,Chennai Super Kings,1,0,2,4,2.0,50.0,2,0,0,0,0
HR Shokeen,,2022,Mumbai Indians,2,0,43,48,21.5,89.6,25,0,0,5,0
HR Shokeen,,2023,Mumbai Indians,3,2,23,17,23.0,135.3,18,0,0,4,0
Hanuma Vihari,,2013,Sunrisers Hyderabad,17,2,241,278,16.07,86.7,46,0,0,17,1
Hanuma Vihari,,2015,Sunrisers Hyderabad,4,0,39,35,9.75,111.4,16,0,0,6,0
Hanuma Vihari,,2019,Delhi Capitals,2,0,4,8,2.0,50.0,2,0,0,0,0
Harbhajan Singh,,2008,Mumbai Indians,3,1,30,17,15.0,176.5,28,0,0,1,3
Harbhajan Singh,,2009,Mumbai Indians,10,0,84,53,8.4,158.5,20,0,0,6,5
Harbhajan Singh,,2010,Mumbai Indians,7,2,105,63,21.0,166.7,49,0,0,12,5
Harbhajan Singh,,2011,Mumbai Indians,8,4,103,71,25.75,145.1,30,0,0,9,6
Harbhajan Singh,,2012,Mumbai Indians,11,2,108,80,12.0,135.0,33,0,0,14,3
Harbhajan Singh,,2013,Mumbai Indians,13,7,116,79,19.33,146.8,25,0,0,12,5
Harbhajan Singh,,2014,Mumbai Indians,7,2,28,25,5.6,112.0,10,0,0,2,2
Harbhajan Singh,,2015,Mumbai Indians,9,2,117,73,16.71,160.3,64,0,1,9,9
Harbhajan Singh,,2016,Mumbai Indians,7,4,92,84,30.67,109.5,45,0,0,11,2
Harbhajan Singh,,2017,Mumbai Indians,7,4,16,16,5.33,100.0,7,0,0,0,1
Harbhajan Singh,,2018,Chennai Super Kings,3,0,29,36,9.67,80.6,19,0,0,3,1
Harbhajan Singh,,2019,Chennai Super Kings,1,0,1,3,1.0,33.3,1,0,0,0,0
Harbhajan Singh,,2021,Kolkata Knight Riders,2,2,4,4,4.0,100.0,2,0,0,0,0
Hardik Pandya,,2015,Mumbai Indians,8,2,112,62,18.67,180.6,61,0,1,9,8
Hardik Pandya,,2016,Mumbai Indians,9,1,44,63,5.5,69.8,9,0,0,4,0
Hardik Pandya,,2017,Mumbai Indians,16,8,250,160,31.25,156.2,35,0,0,11,20
Hardik Pandya,,2018,Mumbai Indians,13,4,260,195,28.89,133.3,50,0,1,20,11
Hardik Pandya,,2019,Mumbai Indians,15,6,402,210,44.67,191.4,91,0,1,28,29
Hardik Pandya,,2020,Mumbai Indians,13,5,281,157,35.12,179.0,60,0,1,14,25
Hardik Pandya,,2021,Mumbai Indians,11,2,127,112,14.11,113.4,40,0,0,11,5
Hardik Pandya,,2022,Gujarat Titans,15,2,487,371,37.46,131.3,87,0,4,49,12
Hardik Pandya,,2023,Gujarat Titans,15,4,346,253,31.45,136.8,66,0,2,26,15
Hardik Pandya,,2024,Mumbai Indians,13,1,216,151,18.0,143.0,46,0,0,17,11
Hardik Pandya,,2025,Mumbai Indians,12,3,224,137,24.89,163.5,48,0,0,18,12
Hardus Viljoen,,2019,Punjab Kings,3,1,3,7,1.5,42.9,2,0,0,0,0
Harmeet Singh Bansal,,2010,Sunrisers Hyderabad,1,0,0,1,0.0,0.0,0,0,0,0,0
Harmeet Singh Bansal,,2012,Punjab Kings,2,1,15,7,15.0,214.3,14,0,0,3,0
Harmeet Singh Bansal,,2013,Punjab Kings,1,0,3,4,3.0,75.0,3,0,0,0,0
Harpreet Brar,,2019,Punjab Kings,1,1,20,12,20.0,166.7,20,0,0,2,1
Harpreet Brar,,2021,Punjab Kings,5,5,64,58,64.0,110.3,25,0,0,3,2
Harpreet Brar,,2022,Punjab Kings,3,0,22,25,7.33,88.0,14,0,0,1,2
Harpreet Brar,,2023,Punjab Kings,8,1,52,41,7.43,126.8,17,0,0,5,2
Harpreet Brar,,2024,Punjab Kings,7,5,75,54,37.5,138.9,29,0,0,8,2
Harpreet Brar,,2025,Punjab Kings,2,1,11,13,11.0,84.6,7,0,0,0,1
Harpreet Singh Bhatia,,2011,Pune Warriors,2,1,14,20,14.0,70.0,13,0,0,0,0
Harpreet Singh Bhatia,,2012,Pune Warriors,1,0,6,6,6.0,100.0,6,0,0,0,0
Harpreet Singh Bhatia,,2023,Punjab Kings,3,0,76,59,25.33,128.8,41,0,0,8,3
Harpreet Singh Bhatia,,2024,Punjab Kings,2,0,27,34,13.5,79.4,14,0,0,2,0
Harshit Rana,,2022,Kolkata Knight Riders,2,1,2,2,2.0,100.0,2,0,0,0,0
Harshit Rana,,2023,Kolkata Knight Riders,1,0,0,1,0.0,0.0,0,0,0,0,0
Harshit Rana,,2025,Kolkata Knight Riders,7,2,57,53,11.4,107.5,34,0,0,5,3
Hashim Amla,,2016,Punjab Kings,6,0,157,119,26.17,131.9,96,0,1,20,4
Hashim Amla,,2017,Punjab Kings,10,3,420,288,60.0,145.8,104,2,2,40,17
Heinrich Klaasen,,2018,Rajasthan Royals,4,1,57,47,19.0,121.3,32,0,0,5,1
Heinrich Klaasen,,2019,Royal Challengers Bengaluru,2,0,9,10,4.5,90.0,6,0,0,0,0
Heinrich Klaasen,,2023,Sunrisers Hyderabad,11,2,448,253,49.78,177.1,104,1,2,32,25
Heinrich Klaasen,,2024,Sunrisers Hyderabad,15,3,479,280,39.92,171.1,80,0,4,19,38
Heinrich Klaasen,,2025,Sunrisers Hyderabad,13,2,487,282,44.27,172.7,105,1,1,42,25
Herschelle Gibbs,,2008,Sunrisers Hyderabad,9,0,167,153,18.56,109.2,47,0,0,17,8
Herschelle Gibbs,,2009,Sunrisers Hyderabad,14,2,371,331,30.92,112.1,69,0,4,32,12
Herschelle Gibbs,,2010,Sunrisers Hyderabad,10,0,267,235,26.7,113.6,50,0,1,26,9
Herschelle Gibbs,,2012,Mumbai Indians,3,1,81,88,40.5,92.0,66,0,1,8,2
I Malhotra,,2011,Sunrisers Hyderabad,1,1,7,4,7.0,175.0,7,0,0,1,0
I R Jaggi,,2011,Sunrisers Hyderabad,2,0,28,37,14.0,75.7,25,0,0,3,0
I R Jaggi,,2012,Sunrisers Hyderabad,3,1,15,21,7.5,71.4,10,0,0,0,0
I R Jaggi,,2017,Kolkata Knight Riders,2,1,33,39,33.0,84.6,28,0,0,3,0
I Udana,,2020,Royal Challengers Bengaluru,4,1,15,11,5.0,136.4,10,0,0,1,1
IQBAL ABDULLA,,2008,Kolkata Knight Riders,1,1,1,2,1.0,50.0,1,0,0,0,0
IQBAL ABDULLA,,2010,Kolkata Knight Riders,1,1,0,1,,0.0,0,0,0,0,0
IQBAL ABDULLA,,2011,Kolkata Knight Riders,2,1,15,12,15.0,125.0,12,0,0,1,0
IQBAL ABDULLA,,2012,Kolkata Knight Riders,2,1,2,3,2.0,66.7,1,0,0,0,0
IQBAL ABDULLA,,2013,Kolkata Knight Riders,2,2,8,14,8.0,57.1,6,0,0,0,0
IQBAL ABDULLA,,2015,Royal Challengers Bengaluru,2,0,20,18,10.0,111.1,20,0,0,4,0
IQBAL ABDULLA,,2016,Royal Challengers Bengaluru,2,2,37,27,37.0,137.0,33,0,0,4,1
IQBAL ABDULLA,,2017,Royal Challengers Bengaluru,1,1,5,7,5.0,71.4,5,0,0,0,0
Imran Tahir,,2014,Delhi Capitals,2,0,8,10,4.0,80.0,4,0,0,2,0
Imran Tahir,,2015,Delhi Capitals,2,0,5,6,2.5,83.3,3,0,0,0,0
Imran Tahir,,2016,Delhi Capitals,1,0,5,7,5.0,71.4,5,0,0,1,0
Imran Tahir,,2017,Rising Pune Supergiant,1,1,0,2,,0.0,0,0,0,0,0
Imran Tahir,,2018,Chennai Super Kings,1,1,2,2,2.0,100.0,2,0,0,0,0
Imran Tahir,,2020,Chennai Super Kings,1,1,13,10,13.0,130.0,13,0,0,2,0
Irfan Pathan,,2008,Punjab Kings,10,3,131,116,18.71,112.9,40,0,0,9,6
Irfan Pathan,,2009,Punjab Kings,12,2,196,158,19.6,124.1,39,0,0,17,6
Irfan Pathan,,2010,Punjab Kings,13,4,276,186,30.67,148.4,60,0,1,21,10
Irfan Pathan,,2011,Delhi Capitals,12,4,150,138,18.75,108.7,44,0,0,12,6
Irfan Pathan,,2012,Delhi Capitals,12,5,176,126,25.14,139.7,42,0,0,14,6
Irfan Pathan,,2013,Delhi Capitals,13,5,142,152,17.75,93.4,24,0,0,9,3
Irfan Pathan,,2014,Sunrisers Hyderabad,6,2,55,54,13.75,101.9,23,0,0,5,0
Irfan Pathan,,2016,Rising Pune Supergiants,3,0,11,13,3.67,84.6,7,0,0,0,0
Irfan Pathan,,2017,Gujarat Titans,1,0,2,3,2.0,66.7,2,0,0,0,0
Ish Sodhi,,2018,Rajasthan Royals,1,0,1,6,1.0,16.7,1,0,0,0,0
Ish Sodhi,,2019,Rajasthan Royals,1,0,6,11,6.0,54.5,6,0,0,0,0
Ishan Kishan,,2016,Gujarat Titans,5,0,42,41,8.4,102.4,27,0,0,5,0
Ishan Kishan,,2017,Gujarat Titans,10,0,277,206,27.7,134.5,61,0,1,29,13
Ishan Kishan,,2018,Mumbai Indians,12,0,275,184,22.92,149.5,62,0,2,22,17
Ishan Kishan,,2019,Mumbai Indians,6,0,101,100,16.83,101.0,28,0,0,8,4
Ishan Kishan,,2020,Mumbai Indians,13,4,516,354,57.33,145.8,99,0,4,36,30
Ishan Kishan,,2021,Mumbai Indians,10,1,241,180,26.78,133.9,84,0,2,21,10
Ishan Kishan,,2022,Mumbai Indians,14,1,418,348,32.15,120.1,81,0,3,45,11
Ishan Kishan,,2023,Mumbai Indians,15,0,454,318,30.27,142.8,75,0,3,54,18
Ishan Kishan,,2024,Mumbai Indians,14,0,320,215,22.86,148.8,69,0,1,35,16
Ishan Kishan,,2025,Sunrisers Hyderabad,13,3,354,232,35.4,152.6,106,1,1,33,15
Ishant Sharma,,2008,Kolkata Knight Riders,5,2,11,11,3.67,100.0,4,0,0,1,0
Ishant Sharma,,2009,Kolkata Knight Riders,3,1,16,13,8.0,123.1,9,0,0,1,1
Ishant Sharma,,2010,Kolkata Knight Riders,2,0,6,17,3.0,35.3,6,0,0,0,0
Ishant Sharma,,2011,Sunrisers Hyderabad,4,4,4,5,4.0,80.0,1,0,0,0,0
Ishant Sharma,,2017,Punjab Kings,3,1,8,12,4.0,66.7,5,0,0,1,0
Ishant Sharma,,2019,Delhi Capitals,1,1,10,3,10.0,333.3,10,0,0,1,1
Ishant Sharma,,2023,Delhi Capitals,1,1,1,1,1.0,100.0,1,0,0,0,0
Ishant Sharma,,2024,Delhi Capitals,2,2,1,7,1.0,14.3,1,0,0,0,0
Ishwar Chandra Pandey,,2013,Pune Warriors,1,0,0,2,0.0,0.0,0,0,0,0,0
J Arunkumar,,2008,Royal Challengers Bengaluru,3,0,23,23,7.67,100.0,22,0,0,5,0
J M Sharma,,2022,Punjab Kings,10,2,234,143,29.25,163.6,44,0,0,22,12
J M Sharma,,2023,Punjab Kings,14,1,309,198,23.77,156.1,49,0,0,22,21
J M Sharma,,2024,Punjab Kings,12,1,187,142,17.0,131.7,32,0,0,9,12
J M Sharma,,2025,Royal Challengers Bengaluru,11,3,261,148,32.62,176.4,85,0,1,24,17
J Syed Mohammad,,2011,Royal Challengers Bengaluru,2,2,15,12,15.0,125.0,13,0,0,2,0
J Syed Mohammad,,2012,Royal Challengers Bengaluru,1,1,4,1,4.0,400.0,4,0,0,1,0
J Syed Mohammad,,2013,Royal Challengers Bengaluru,2,0,10,13,5.0,76.9,9,0,0,1,0
J Theron,,2010,Punjab Kings,2,0,2,5,1.0,40.0,2,0,0,0,0
J Theron,,2012,Sunrisers Hyderabad,1,1,7,6,7.0,116.7,7,0,0,1,0
J Theron,,2015,Rajasthan Royals,1,1,1,1,1.0,100.0,1,0,0,0,0
JG Bethell,,2025,Royal Challengers Bengaluru,2,0,67,39,33.5,171.8,55,0,1,9,3
JJ van der Wath,,2011,Royal Challengers Bengaluru,3,1,18,16,9.0,112.5,14,0,0,1,1
JPR Scantlebury-Searles,,2018,Kolkata Knight Riders,2,1,8,6,8.0,133.3,6,0,0,0,1
JR Hopes,,2008,Punjab Kings,11,0,221,148,20.09,149.3,71,0,2,27,8
JR Hopes,,2011,Delhi Capitals,8,3,196,158,39.2,124.1,55,0,2,22,3
Jacob Oram,,2008,Chennai Super Kings,2,1,18,12,18.0,150.0,13,0,0,1,1
Jacob Oram,,2009,Chennai Super Kings,8,2,88,93,14.67,94.6,41,0,0,5,4
Jacob Oram,,2011,Rajasthan Royals,1,0,0,3,0.0,0.0,0,0,0,0,0
Jacques Kallis,,2008,Royal Challengers Bengaluru,11,0,199,183,18.09,108.7,54,0,1,23,4
Jacques Kallis,,2009,Royal Challengers Bengaluru,15,2,361,332,27.77,108.7,69,0,3,37,8
Jacques Kallis,,2010,Royal Challengers Bengaluru,16,3,572,494,44.0,115.8,89,0,6,67,9
Jacques Kallis,,2011,Kolkata Knight Riders,14,1,424,378,32.62,112.2,80,0,4,46,6
Jacques Kallis,,2012,Kolkata Knight Riders,17,1,409,384,25.56,106.5,79,0,2,34,10
Jacques Kallis,,2013,Kolkata Knight Riders,15,1,311,322,22.21,96.6,41,0,0,35,3
Jacques Kallis,,2014,Kolkata Knight Riders,7,1,151,129,25.17,117.1,72,0,1,13,4
Jake Fraser-McGurk,,2024,Delhi Capitals,9,0,330,141,36.67,234.0,84,0,4,32,28
Jake Fraser-McGurk,,2025,Delhi Capitals,6,0,55,52,9.17,105.8,38,0,0,7,2
James Faulkner,,2012,Punjab Kings,2,0,14,13,7.0,107.7,11,0,0,0,0
James Faulkner,,2013,Rajasthan Royals,9,4,57,57,11.4,100.0,19,0,0,5,2
James Faulkner,,2014,Rajasthan Royals,12,7,181,94,36.2,192.6,41,0,0,8,16
James Faulkner,,2015,Rajasthan Royals,11,3,144,109,18.0,132.1,46,0,0,12,5
James Faulkner,,2016,Gujarat Titans,5,1,77,59,19.25,130.5,32,0,0,7,0
James Faulkner,,2017,Gujarat Titans,6,2,54,57,13.5,94.7,21,0,0,4,0
James Franklin,,2011,Mumbai Indians,5,3,107,78,53.5,137.2,45,0,0,10,2
James Franklin,,2012,Mumbai Indians,11,2,220,223,24.44,98.7,79,0,1,15,6
James Neesham,,2014,Delhi Capitals,3,0,42,46,14.0,91.3,22,0,0,3,1
James Neesham,,2020,Punjab Kings,3,1,19,18,9.5,105.6,10,0,0,0,1
James Neesham,,2021,Mumbai Indians,2,0,0,2,0.0,0.0,0,0,0,0,0
James Neesham,,2022,Rajasthan Royals,2,0,31,27,15.5,114.8,17,0,0,3,0
James Pattinson,,2020,Mumbai Indians,2,1,15,13,15.0,115.4,11,0,0,2,0
Jaskaran Singh Buttar,,2010,Sunrisers Hyderabad,4,2,8,11,4.0,72.7,4,0,0,0,0
Jason Behrendorff,,2023,Mumbai Indians,2,2,6,9,6.0,66.7,3,0,0,0,0
Jason Holder,,2014,Sunrisers Hyderabad,1,0,16,12,16.0,133.3,16,0,0,2,1
Jason Holder,,2016,Kolkata Knight Riders,4,0,22,19,5.5,115.8,13,0,0,2,1
Jason Holder,,2020,Sunrisers Hyderabad,4,2,66,53,33.0,124.5,26,0,0,5,3
Jason Holder,,2021,Sunrisers Hyderabad,7,0,85,72,12.14,118.1,47,0,0,2,6
Jason Holder,,2022,Lucknow Super Giants,8,1,58,44,8.29,131.8,16,0,0,2,6
Jason Holder,,2023,Rajasthan Royals,3,1,12,11,6.0,109.1,11,0,0,0,1
Jason Roy,,2017,Gujarat Titans,3,1,59,40,29.5,147.5,31,0,0,9,1
Jason Roy,,2018,Delhi Capitals,5,1,120,94,30.0,127.7,91,0,1,9,7
Jason Roy,,2021,Sunrisers Hyderabad,5,0,150,121,30.0,124.0,60,0,1,21,1
Jason Roy,,2023,Kolkata Knight Riders,8,0,285,188,35.62,151.6,61,0,2,36,12
Jasprit Bumrah,,2014,Mumbai Indians,2,1,1,3,1.0,33.3,1,0,0,0,0
Jasprit Bumrah,,2016,Mumbai Indians,2,1,8,11,8.0,72.7,6,0,0,1,0
Jasprit Bumrah,,2017,Mumbai Indians,2,1,16,12,16.0,133.3,16,0,0,0,1
Jasprit Bumrah,,2018,Mumbai Indians,3,2,10,11,10.0,90.9,6,0,0,1,0
Jasprit Bumrah,,2019,Mumbai Indians,1,1,0,1,,0.0,0,0,0,0,0
Jasprit Bumrah,,2020,Mumbai Indians,1,1,5,3,5.0,166.7,5,0,0,0,0
Jasprit Bumrah,,2021,Mumbai Indians,7,4,16,17,5.33,94.1,5,0,0,2,0
Jasprit Bumrah,,2022,Mumbai Indians,4,3,0,8,0.0,0.0,0,0,0,0,0
Jasprit Bumrah,,2024,Mumbai Indians,4,4,12,12,12.0,100.0,8,0,0,1,0
Jasprit Bumrah,,2025,Mumbai Indians,1,1,0,1,,0.0,0,0,0,0,0
Jayant Yadav,,2016,Delhi Capitals,2,0,6,10,3.0,60.0,5,0,0,0,0
Jayant Yadav,,2021,Mumbai Indians,2,0,34,26,17.0,130.8,23,0,0,2,1
Jaydev Unadkat,,2013,Royal Challengers Bengaluru,2,2,2,2,2.0,100.0,1,0,0,0,0
Jaydev Unadkat,,2014,Delhi Capitals,2,1,1,6,1.0,16.7,1,0,0,0,0
Jaydev Unadkat,,2017,Rising Pune Supergiant,1,0,2,5,2.0,40.0,2,0,0,0,0
Jaydev Unadkat,,2018,Rajasthan Royals,5,0,49,38,9.8,128.9,26,0,0,6,1
Jaydev Unadkat,,2019,Rajasthan Royals,2,1,1,3,1.0,33.3,1,0,0,0,0
Jaydev Unadkat,,2020,Rajasthan Royals,1,0,9,13,9.0,69.2,9,0,0,0,0
Jaydev Unadkat,,2021,Rajasthan Royals,3,1,41,29,20.5,141.4,24,0,0,3,2
Jaydev Unadkat,,2022,Mumbai Indians,5,2,59,37,19.67,159.5,19,0,0,4,3
Jaydev Unadkat,,2023,Lucknow Super Giants,1,0,9,7,9.0,128.6,9,0,0,1,0
Jaydev Unadkat,,2024,Sunrisers Hyderabad,5,2,24,26,8.0,92.3,8,0,0,2,1
Jean-Paul Duminy,,2009,Mumbai Indians,12,2,372,325,37.2,114.5,62,0,5,26,11
Jean-Paul Duminy,,2010,Mumbai Indians,7,2,157,131,31.4,119.8,42,0,0,13,5
Jean-Paul Duminy,,2011,Sunrisers Hyderabad,10,0,205,174,20.5,117.8,55,0,1,9,8
Jean-Paul Duminy,,2012,Sunrisers Hyderabad,9,6,244,190,81.33,128.4,74,0,2,13,11
Jean-Paul Duminy,,2014,Delhi Capitals,14,6,410,305,51.25,134.4,67,0,2,22,20
Jean-Paul Duminy,,2015,Delhi Capitals,13,2,414,315,37.64,131.4,78,0,4,27,20
Jean-Paul Duminy,,2016,Delhi Capitals,8,3,191,156,38.2,122.4,49,0,0,13,3
Jean-Paul Duminy,,2018,Mumbai Indians,2,1,36,40,36.0,90.0,23,0,0,3,1
Jerome Taylor,,2011,Pune Warriors,2,1,3,3,3.0,100.0,2,0,0,0,0
Jesse Ryder,,2009,Royal Challengers Bengaluru,5,0,56,49,11.2,114.3,32,0,0,9,0
Jesse Ryder,,2011,Pune Warriors,13,0,292,197,22.46,148.2,60,0,2,37,11
Jesse Ryder,,2012,Pune Warriors,11,0,256,212,23.27,120.8,86,0,2,23,8
Jhye Richardson,,2021,Punjab Kings,2,0,15,24,7.5,62.5,15,0,0,2,0
Jhye Richardson,,2024,Delhi Capitals,1,0,2,2,2.0,100.0,2,0,0,0,0
Joe Denly,,2019,Kolkata Knight Riders,1,0,0,1,0.0,0.0,0,0,0,0,0
Joe Root,,2023,Rajasthan Royals,1,0,10,15,10.0,66.7,10,0,0,1,0
Jofra Archer,,2018,Rajasthan Royals,6,1,15,21,3.0,71.4,8,0,0,2,0
Jofra Archer,,2019,Rajasthan Royals,5,3,67,40,33.5,167.5,27,0,0,4,4
Jofra Archer,,2020,Rajasthan Royals,10,4,113,63,18.83,179.4,27,0,0,5,10
Jofra Archer,,2023,Mumbai Indians,2,2,4,4,4.0,100.0,3,0,0,0,0
Jofra Archer,,2025,Rajasthan Royals,7,1,63,50,10.5,126.0,30,0,0,3,4
Joginder Sharma,,2008,Chennai Super Kings,2,0,16,11,8.0,145.5,16,0,0,1,1
Joginder Sharma,,2009,Chennai Super Kings,2,1,20,18,20.0,111.1,16,0,0,0,1
Joginder Sharma,,2011,Chennai Super Kings,1,0,0,1,0.0,0.0,0,0,0,0,0
Johan Botha,,2009,Rajasthan Royals,3,0,47,40,15.67,117.5,37,0,0,5,0
Johan Botha,,2011,Rajasthan Royals,9,4,230,198,46.0,116.2,67,0,1,20,2
Johan Botha,,2012,Rajasthan Royals,7,3,58,54,14.5,107.4,14,0,0,4,1
Johan Botha,,2013,Delhi Capitals,6,0,43,52,7.17,82.7,23,0,0,5,1
Johan Botha,,2015,Kolkata Knight Riders,3,0,31,15,10.33,206.7,17,0,0,5,1
Jonny Bairstow,,2019,Sunrisers Hyderabad,10,2,445,283,55.62,157.2,114,1,2,48,18
Jonny Bairstow,,2020,Sunrisers Hyderabad,11,0,345,272,31.36,126.8,97,0,3,31,13
Jonny Bairstow,,2021,Sunrisers Hyderabad,7,1,248,175,41.33,141.7,63,0,2,20,15
Jonny Bairstow,,2022,Punjab Kings,11,0,253,175,23.0,144.6,66,0,2,34,9
Jonny Bairstow,,2024,Punjab Kings,11,0,298,195,27.09,152.8,108,1,0,33,14
Jonny Bairstow,,2025,Mumbai Indians,2,0,85,46,42.5,184.8,47,0,0,7,5
Jos Buttler,,2016,Mumbai Indians,14,3,255,184,23.18,138.6,41,0,0,23,11
Jos Buttler,,2017,Mumbai Indians,10,0,272,177,27.2,153.7,77,0,1,27,15
Jos Buttler,,2018,Rajasthan Royals,13,1,548,353,45.67,155.2,95,0,5,52,21
Jos Buttler,,2019,Rajasthan Royals,8,0,311,205,38.88,151.7,89,0,3,38,14
Jos Buttler,,2020,Rajasthan Royals,12,2,328,227,32.8,144.5,70,0,2,27,16
Jos Buttler,,2021,Rajasthan Royals,7,0,254,166,36.29,153.0,124,1,0,27,13
Jos Buttler,,2022,Rajasthan Royals,17,2,863,579,57.53,149.1,116,4,4,83,45
Jos Buttler,,2023,Rajasthan Royals,14,0,392,282,28.0,139.0,95,0,4,42,14
Jos Buttler,,2024,Rajasthan Royals,11,1,359,255,35.9,140.8,107,2,0,36,12
Jos Buttler,,2025,Gujarat Titans,13,4,538,330,59.78,163.0,97,0,5,52,24
Josh Hazlewood,,2022,Royal Challengers Bengaluru,5,5,18,26,18.0,69.2,7,0,0,1,0
Josh Hazlewood,,2023,Royal Challengers Bengaluru,1,1,1,2,1.0,50.0,1,0,0,0,0
Josh Hazlewood,,2025,Royal Challengers Bengaluru,1,1,0,1,,0.0,0,0,0,0,0
Josh Inglis,,2025,Punjab Kings,11,2,278,171,30.89,162.6,73,0,1,26,16
Josh Philippe,,2020,Royal Challengers Bengaluru,5,0,78,77,15.6,101.3,33,0,0,9,1
Justin Kemp,,2010,Chennai Super Kings,2,0,26,24,13.0,108.3,22,0,0,1,1
K B Arun Karthick,,2010,Chennai Super Kings,1,1,3,5,3.0,60.0,3,0,0,0,0
K B Arun Karthick,,2011,Royal Challengers Bengaluru,2,0,7,8,3.5,87.5,6,0,0,1,0
K B Arun Karthick,,2013,Royal Challengers Bengaluru,5,2,41,38,13.67,107.9,19,0,0,3,1
K C Cariappa,,2016,Punjab Kings,2,0,13,11,6.5,118.2,12,0,0,0,1
K C Cariappa,,2017,Punjab Kings,2,0,2,7,1.0,28.6,1,0,0,0,0
K C Cariappa,,2019,Kolkata Knight Riders,1,1,9,3,9.0,300.0,9,0,0,0,1
K Goel,,2008,Punjab Kings,6,0,76,78,12.67,97.4,26,0,0,7,4
K Goel,,2009,Punjab Kings,8,0,124,133,15.5,93.2,38,0,0,9,4
K Goel,,2010,Punjab Kings,2,1,18,20,18.0,90.0,17,0,0,1,1
K H Pandya,,2016,Mumbai Indians,8,1,237,124,33.86,191.1,86,0,1,22,13
K H Pandya,,2017,Mumbai Indians,11,4,243,179,34.71,135.8,47,0,0,24,7
K H Pandya,,2018,Mumbai Indians,13,3,228,157,22.8,145.2,41,0,0,22,10
K H Pandya,,2019,Mumbai Indians,14,3,183,150,16.64,122.0,42,0,0,18,5
K H Pandya,,2020,Mumbai Indians,11,5,109,92,18.17,118.5,34,0,0,9,5
K H Pandya,,2021,Mumbai Indians,12,2,143,123,14.3,116.3,39,0,0,10,6
K H Pandya,,2022,Lucknow Super Giants,13,4,183,145,20.33,126.2,42,0,0,16,4
K H Pandya,,2023,Lucknow Super Giants,14,3,188,165,17.09,113.9,49,0,0,15,6
K H Pandya,,2024,Lucknow Super Giants,11,6,133,105,26.6,126.7,43,0,0,8,5
K H Pandya,,2025,Royal Challengers Bengaluru,7,1,109,86,18.17,126.7,73,0,1,9,4
K L Rahul,,2013,Royal Challengers Bengaluru,2,0,20,16,10.0,125.0,12,0,0,4,0
K L Rahul,,2014,Sunrisers Hyderabad,8,0,166,164,20.75,101.2,46,0,0,12,3
K L Rahul,,2015,Sunrisers Hyderabad,8,2,142,126,23.67,112.7,44,0,0,8,5
K L Rahul,,2016,Royal Challengers Bengaluru,12,2,397,271,39.7,146.5,68,0,4,37,16
K L Rahul,,2018,Punjab Kings,14,1,659,416,50.69,158.4,95,0,6,66,32
K L Rahul,,2019,Punjab Kings,14,3,593,438,53.91,135.4,100,1,6,49,25
K L Rahul,,2020,Punjab Kings,14,1,670,518,51.54,129.3,132,1,5,58,23
K L Rahul,,2021,Punjab Kings,13,3,626,451,62.6,138.8,98,0,6,48,30
K L Rahul,,2022,Lucknow Super Giants,14,3,616,455,56.0,135.4,103,2,4,45,30
K L Rahul,,2023,Lucknow Super Giants,9,1,274,242,34.25,113.2,74,0,2,28,4
K L Rahul,,2024,Lucknow Super Giants,14,0,520,382,37.14,136.1,82,0,4,45,19
K L Rahul,,2025,Delhi Capitals,13,3,539,360,53.9,149.7,112,1,3,52,21
K M Jadhav,,2010,Delhi Capitals,5,1,76,56,19.0,135.7,50,0,1,7,2
K M Jadhav,,2011,Kochi Tuskers Kerala,4,1,18,23,6.0,78.3,12,0,0,1,0
K M Jadhav,,2013,Delhi Capitals,10,2,152,124,19.0,122.6,31,0,0,8,5
K M Jadhav,,2014,Delhi Capitals,10,5,149,101,29.8,147.5,37,0,0,13,7
K M Jadhav,,2015,Delhi Capitals,12,4,189,140,23.62,135.0,63,0,1,16,7
K M Jadhav,,2016,Royal Challengers Bengaluru,3,3,42,32,42.0,131.2,25,0,0,2,2
K M Jadhav,,2017,Royal Challengers Bengaluru,13,1,267,186,22.25,143.5,69,0,1,25,10
K M Jadhav,,2018,Chennai Super Kings,1,1,24,22,24.0,109.1,24,0,0,1,2
K M Jadhav,,2019,Chennai Super Kings,12,3,162,169,18.0,95.9,58,0,1,19,3
K M Jadhav,,2020,Chennai Super Kings,5,2,62,66,20.67,93.9,26,0,0,7,0
K M Jadhav,,2021,Sunrisers Hyderabad,5,1,55,52,13.75,105.8,19,0,0,2,2
K M Jadhav,,2023,Royal Challengers Bengaluru,1,1,12,10,12.0,120.0,12,0,0,1,0
K Nithish Kumar Reddy,,2024,Sunrisers Hyderabad,11,2,303,212,33.67,142.9,76,0,2,15,21
K Nithish Kumar Reddy,,2025,Sunrisers Hyderabad,11,3,182,153,22.75,119.0,32,0,0,16,4
K S Bharat,,2021,Royal Challengers Bengaluru,6,1,191,156,38.2,122.4,78,0,1,10,8
K S Bharat,,2022,Delhi Capitals,2,0,8,7,4.0,114.3,8,0,0,2,0
K Yadav,,2021,Rajasthan Royals,1,1,0,4,,0.0,0,0,0,0,0
KA Pollard,,2010,Mumbai Indians,14,2,273,147,22.75,185.7,45,0,0,23,17
KA Pollard,,2011,Mumbai Indians,12,2,146,133,14.6,109.8,28,0,0,12,6
KA Pollard,,2012,Mumbai Indians,11,2,220,159,24.44,138.4,64,0,2,15,14
KA Pollard,,2013,Mumbai Indians,18,7,420,281,38.18,149.5,66,0,3,27,29
KA Pollard,,2014,Mumbai Indians,15,5,273,203,27.3,134.5,78,0,1,15,15
KA Pollard,,2015,Mumbai Indians,14,3,419,256,38.09,163.7,70,0,2,28,28
KA Pollard,,2016,Mumbai Indians,12,4,207,144,25.88,143.8,51,0,1,11,16
KA Pollard,,2017,Mumbai Indians,16,3,385,276,29.62,139.5,70,0,3,26,22
KA Pollard,,2018,Mumbai Indians,8,0,133,100,16.62,133.0,50,0,1,10,7
KA Pollard,,2019,Mumbai Indians,12,2,279,178,27.9,156.7,83,0,1,14,22
KA Pollard,,2020,Mumbai Indians,12,7,268,140,53.6,191.4,60,0,1,15,22
KA Pollard,,2021,Mumbai Indians,13,5,245,165,30.62,148.5,87,0,1,16,16
KA Pollard,,2022,Mumbai Indians,11,1,144,134,14.4,107.5,25,0,0,6,9
KAMLESH NAGARKOTI,,2020,Kolkata Knight Riders,6,3,22,31,7.33,71.0,8,0,0,1,0
KAMLESH NAGARKOTI,,2021,Kolkata Knight Riders,1,0,0,2,0.0,0.0,0,0,0,0,0
KK Cooper,,2012,Rajasthan Royals,4,2,38,20,19.0,190.0,14,0,0,3,3
KK Cooper,,2013,Rajasthan Royals,5,1,39,22,9.75,177.3,26,0,0,4,2
KK Cooper,,2014,Rajasthan Royals,3,0,39,26,13.0,150.0,32,0,0,2,3
KP Appanna,,2009,Royal Challengers Bengaluru,1,1,0,1,,0.0,0,0,0,0,0
KP Appanna,,2010,Royal Challengers Bengaluru,2,1,2,3,2.0,66.7,1,0,0,0,0
KS Rathore,,2025,Rajasthan Royals,1,0,0,5,0.0,0.0,0,0,0,0,0
Kagiso Rabada,,2017,Delhi Capitals,3,0,55,64,18.33,85.9,44,0,0,5,1
Kagiso Rabada,,2019,Delhi Capitals,4,1,14,15,4.67,93.3,9,0,0,0,1
Kagiso Rabada,,2020,Delhi Capitals,6,3,56,49,18.67,114.3,15,0,0,4,2
Kagiso Rabada,,2021,Delhi Capitals,3,2,13,6,13.0,216.7,9,0,0,2,0
Kagiso Rabada,,2022,Punjab Kings,7,1,48,43,8.0,111.6,25,0,0,5,2
Kagiso Rabada,,2023,Punjab Kings,2,1,0,2,0.0,0.0,0,0,0,0,0
Kagiso Rabada,,2024,Punjab Kings,3,1,20,14,10.0,142.9,11,0,0,0,2
Kagiso Rabada,,2025,Gujarat Titans,2,0,9,8,4.5,112.5,7,0,0,0,1
Kamran Akmal,,2008,Rajasthan Royals,6,0,128,78,21.33,164.1,53,0,1,13,8
Kamran Khan,,2009,Rajasthan Royals,1,0,3,5,3.0,60.0,3,0,0,0,0
Kane Richardson,,2013,Pune Warriors,2,0,34,36,17.0,94.4,26,0,0,2,1
Kane Richardson,,2014,Rajasthan Royals,1,0,1,2,1.0,50.0,1,0,0,0,0
Kane Richardson,,2016,Royal Challengers Bengaluru,1,1,1,1,1.0,100.0,1,0,0,0,0
Kane Williamson,,2015,Sunrisers Hyderabad,2,1,31,27,31.0,114.8,26,0,0,1,1
Kane Williamson,,2016,Sunrisers Hyderabad,6,0,124,122,20.67,101.6,50,0,1,14,0
Kane Williamson,,2017,Sunrisers Hyderabad,7,1,256,169,42.67,151.5,89,0,2,20,10
Kane Williamson,,2018,Sunrisers Hyderabad,17,3,735,516,52.5,142.4,84,0,8,63,28
Kane Williamson,,2019,Sunrisers Hyderabad,9,2,156,130,22.29,120.0,70,0,1,12,5
Kane Williamson,,2020,Sunrisers Hyderabad,11,3,317,237,39.62,133.8,67,0,3,26,10
Kane Williamson,,2021,Sunrisers Hyderabad,10,4,266,235,44.33,113.2,66,0,2,29,2
Kane Williamson,,2022,Sunrisers Hyderabad,12,2,216,231,21.6,93.5,57,0,1,16,8
Kane Williamson,,2024,Gujarat Titans,2,0,27,27,13.5,100.0,26,0,0,4,0
Karan Sharma,,2009,Royal Challengers Bengaluru,1,0,1,3,1.0,33.3,1,0,0,0,0
Karan Sharma,,2013,Sunrisers Hyderabad,7,1,85,86,14.17,98.8,39,0,0,6,2
Karan Sharma,,2014,Sunrisers Hyderabad,8,4,42,29,10.5,144.8,17,0,0,1,3
Karan Sharma,,2015,Sunrisers Hyderabad,9,3,104,85,17.33,122.4,32,0,0,3,6
Karan Sharma,,2016,Sunrisers Hyderabad,3,2,36,30,36.0,120.0,26,0,0,3,1
Karan Sharma,,2017,Mumbai Indians,6,0,49,41,8.17,119.5,19,0,0,5,2
Karan Sharma,,2022,Lucknow Super Giants,1,0,4,4,4.0,100.0,4,0,0,1,0
Karan Sharma,,2023,Royal Challengers Bengaluru,2,0,3,5,1.5,60.0,2,0,0,0,0
Karan Sharma,,2023,Lucknow Super Giants,2,0,12,21,6.0,57.1,9,0,0,0,0
Karan Sharma,,2024,Royal Challengers Bengaluru,3,0,31,15,10.33,206.7,20,0,0,2,3
Karan Sharma,,2025,Mumbai Indians,1,1,1,1,1.0,100.0,1,0,0,0,0
Karanveer Singh,,2014,Punjab Kings,1,1,1,1,1.0,100.0,1,0,0,0,0
Karanveer Singh,,2015,Punjab Kings,3,2,11,16,11.0,68.8,5,0,0,1,0
Kartik Tyagi,,2020,Rajasthan Royals,2,1,4,6,4.0,66.7,2,0,0,0,0
Kartik Tyagi,,2021,Rajasthan Royals,2,1,2,4,2.0,50.0,1,0,0,0,0
Kartik Tyagi,,2022,Sunrisers Hyderabad,2,0,7,6,3.5,116.7,7,0,0,1,0
Karun Nair,,2013,Royal Challengers Bengaluru,2,0,9,12,4.5,75.0,9,0,0,0,0
Karun Nair,,2014,Rajasthan Royals,11,1,330,232,33.0,142.2,73,0,3,38,9
Karun Nair,,2015,Rajasthan Royals,12,1,181,145,16.45,124.8,61,0,1,18,5
Karun Nair,,2016,Delhi Capitals,12,1,357,297,32.45,120.2,83,0,3,40,6
Karun Nair,,2017,Delhi Capitals,13,0,281,226,21.62,124.3,64,0,1,39,6
Karun Nair,,2018,Punjab Kings,12,0,301,221,25.08,136.2,54,0,2,23,13
Karun Nair,,2019,Punjab Kings,1,0,5,6,5.0,83.3,5,0,0,0,0
Karun Nair,,2020,Punjab Kings,3,1,16,14,8.0,114.3,15,0,0,2,0
Karun Nair,,2022,Rajasthan Royals,2,0,16,18,8.0,88.9,13,0,0,1,0
Karun Nair,,2025,Delhi Capitals,8,0,198,115,24.75,172.2,89,0,1,24,10
Keemo Paul,,2019,Delhi Capitals,5,1,18,24,4.5,75.0,7,0,0,1,1
Kemar Roach,,2010,Sunrisers Hyderabad,1,0,10,9,10.0,111.1,10,0,0,1,0
Keshav Maharaj,,2024,Rajasthan Royals,1,0,1,2,1.0,50.0,1,0,0,0,0
Kevin Pietersen,,2009,Royal Challengers Bengaluru,6,0,93,85,15.5,109.4,37,0,0,8,2
Kevin Pietersen,,2010,Royal Challengers Bengaluru,7,1,236,157,39.33,150.3,66,0,2,23,8
Kevin Pietersen,,2012,Delhi Capitals,8,2,305,207,50.83,147.3,103,1,1,22,20
Kevin Pietersen,,2014,Delhi Capitals,11,1,294,233,29.4,126.2,58,0,1,34,7
Kevin Pietersen,,2016,Rising Pune Supergiants,4,2,73,61,36.5,119.7,37,0,0,4,3
Krishna Kant Upadhyay,,2012,Pune Warriors,1,1,11,8,11.0,137.5,11,0,0,0,1
Krishna Kant Upadhyay,,2013,Pune Warriors,1,1,1,1,1.0,100.0,1,0,0,0,0
Kuldeep Sen,,2022,Rajasthan Royals,1,1,0,3,,0.0,0,0,0,0,0
Kuldeep Singh Yadav,,2017,Kolkata Knight Riders,2,0,20,22,10.0,90.9,16,0,0,2,0
Kuldeep Singh Yadav,,2018,Kolkata Knight Riders,3,2,12,24,12.0,50.0,7,0,0,1,0
Kuldeep Singh Yadav,,2019,Kolkata Knight Riders,3,1,12,8,6.0,150.0,10,0,0,1,0
Kuldeep Singh Yadav,,2020,Kolkata Knight Riders,2,1,13,21,13.0,61.9,12,0,0,1,0
Kuldeep Singh Yadav,,2022,Delhi Capitals,7,6,48,52,48.0,92.3,16,0,0,3,2
Kuldeep Singh Yadav,,2023,Delhi Capitals,10,7,31,48,10.33,64.6,10,0,0,2,0
Kuldeep Singh Yadav,,2024,Delhi Capitals,5,1,47,41,11.75,114.6,35,0,0,6,1
Kuldeep Singh Yadav,,2025,Delhi Capitals,5,2,18,16,6.0,112.5,7,0,0,2,0
Kumar Kartikeya Singh,,2022,Mumbai Indians,1,0,3,5,3.0,60.0,3,0,0,0,0
Kumar Kartikeya Singh,,2023,Mumbai Indians,1,0,6,7,6.0,85.7,6,0,0,1,0
Kumar Kartikeya Singh,,2025,Rajasthan Royals,2,0,3,5,1.5,60.0,2,0,0,0,0
Kumar Kushagra,,2024,Delhi Capitals,3,0,3,7,1.0,42.9,2,0,0,0,0
Kumar Sangakkara,,2008,Punjab Kings,9,0,320,198,35.56,161.6,94,0,4,41,8
Kumar Sangakkara,,2009,Punjab Kings,13,1,332,324,27.67,102.5,60,0,2,29,5
Kumar Sangakkara,,2010,Punjab Kings,12,0,357,257,29.75,138.9,56,0,2,47,5
Kumar Sangakkara,,2011,Sunrisers Hyderabad,13,0,358,293,27.54,122.2,65,0,1,44,5
Kumar Sangakkara,,2012,Sunrisers Hyderabad,12,1,200,184,18.18,108.7,82,0,1,21,4
Kumar Sangakkara,,2013,Sunrisers Hyderabad,9,0,120,136,13.33,88.2,28,0,0,13,0
Kusal Mendis,,2025,Gujarat Titans,1,0,20,10,20.0,200.0,20,0,0,1,2
Kusal Perera,,2013,Rajasthan Royals,2,0,14,13,7.0,107.7,14,0,0,3,0
Kwena Maphaka,,2025,Rajasthan Royals,1,1,8,2,8.0,400.0,8,0,0,2,0
Kyle Abbott,,2016,Punjab Kings,3,2,13,8,13.0,162.5,12,0,0,0,1
Kyle Jamieson,,2021,Royal Challengers Bengaluru,7,3,65,55,16.25,118.2,16,0,0,5,3
Kyle Jamieson,,2025,Punjab Kings,2,2,0,5,,0.0,0,0,0,0,0
Kyle Mayers,,2023,Lucknow Super Giants,13,0,379,263,29.15,144.1,73,0,4,38,22
L Ablish,,2011,Punjab Kings,1,1,0,2,,0.0,0,0,0,0,0
L Ratan Shukla,,2008,Kolkata Knight Riders,12,4,163,122,20.38,133.6,42,0,0,17,4
L Ratan Shukla,,2009,Kolkata Knight Riders,6,0,83,85,13.83,97.6,48,0,0,5,3
L Ratan Shukla,,2010,Kolkata Knight Riders,2,0,36,26,18.0,138.5,19,0,0,3,2
L Ratan Shukla,,2011,Kolkata Knight Riders,1,0,14,10,14.0,140.0,14,0,0,2,0
L Ratan Shukla,,2012,Kolkata Knight Riders,7,1,75,57,12.5,131.6,26,0,0,4,5
L Ratan Shukla,,2013,Kolkata Knight Riders,2,0,3,12,1.5,25.0,2,0,0,0,0
L Ratan Shukla,,2014,Delhi Capitals,3,0,31,38,10.33,81.6,21,0,0,2,1
L Wood,,2024,Mumbai Indians,1,1,9,3,9.0,300.0,9,0,0,0,1
LA Carseldine,,2009,Rajasthan Royals,5,1,81,68,20.25,119.1,39,0,0,11,0
LA Pomersbach,,2008,Punjab Kings,5,3,152,99,76.0,153.5,79,0,1,13,9
LA Pomersbach,,2009,Punjab Kings,4,0,41,49,10.25,83.7,26,0,0,3,1
LA Pomersbach,,2011,Royal Challengers Bengaluru,4,0,51,39,12.75,130.8,29,0,0,4,2
LA Pomersbach,,2013,Punjab Kings,3,0,58,59,19.33,98.3,33,0,0,5,1
LB Williams,,2024,Delhi Capitals,1,1,1,2,1.0,50.0,1,0,0,0,0
LJ Wright,,2013,Pune Warriors,5,0,106,60,21.2,176.7,44,0,0,16,3
Lakshmipathy Balaji,,2008,Chennai Super Kings,1,0,0,4,0.0,0.0,0,0,0,0,0
Lakshmipathy Balaji,,2009,Chennai Super Kings,3,0,4,10,1.33,40.0,2,0,0,0,0
Lakshmipathy Balaji,,2010,Chennai Super Kings,3,1,18,20,9.0,90.0,15,0,0,1,1
Lakshmipathy Balaji,,2011,Kolkata Knight Riders,2,2,4,2,4.0,200.0,3,0,0,0,0
Lakshmipathy Balaji,,2013,Kolkata Knight Riders,2,1,9,10,9.0,90.0,9,0,0,1,0
Lakshmipathy Balaji,,2014,Punjab Kings,2,1,1,3,1.0,33.3,1,0,0,0,0
Lalit Yadav,,2021,Delhi Capitals,5,3,68,73,34.0,93.2,22,0,0,7,0
Lalit Yadav,,2022,Delhi Capitals,8,1,161,146,23.0,110.3,48,0,0,11,7
Lalit Yadav,,2023,Delhi Capitals,6,1,66,59,13.2,111.9,38,0,0,8,0
Lalit Yadav,,2024,Delhi Capitals,2,0,10,12,5.0,83.3,7,0,0,1,0
Lasith Malinga,,2009,Mumbai Indians,1,0,0,1,0.0,0.0,0,0,0,0,0
Lasith Malinga,,2010,Mumbai Indians,1,0,1,1,1.0,100.0,1,0,0,0,0
Lasith Malinga,,2011,Mumbai Indians,2,0,8,9,4.0,88.9,7,0,0,0,1
Lasith Malinga,,2012,Mumbai Indians,6,0,55,53,9.17,103.8,17,0,0,4,3
Lasith Malinga,,2013,Mumbai Indians,6,2,9,18,2.25,50.0,7,0,0,1,0
Lasith Malinga,,2014,Mumbai Indians,1,0,2,4,2.0,50.0,2,0,0,0,0
Lasith Malinga,,2015,Mumbai Indians,1,1,6,10,6.0,60.0,6,0,0,1,0
Lasith Malinga,,2017,Mumbai Indians,2,1,7,3,7.0,233.3,7,0,0,0,1
Lendl Simmons,,2014,Mumbai Indians,8,1,394,291,56.29,135.4,100,1,3,43,14
Lendl Simmons,,2015,Mumbai Indians,13,0,540,441,41.54,122.4,71,0,6,56,21
Lendl Simmons,,2016,Mumbai Indians,1,0,8,8,8.0,100.0,8,0,0,0,1
Lendl Simmons,,2017,Mumbai Indians,7,0,137,112,19.57,122.3,66,0,2,10,8
Liam Livingstone,,2019,Rajasthan Royals,4,1,70,48,23.33,145.8,44,0,0,6,5
Liam Livingstone,,2021,Rajasthan Royals,5,0,42,41,8.4,102.4,25,0,0,3,1
Liam Livingstone,,2022,Punjab Kings,14,2,437,240,36.42,182.1,70,0,4,29,34
Liam Livingstone,,2023,Punjab Kings,9,1,279,171,34.88,163.2,94,0,2,20,19
Liam Livingstone,,2024,Punjab Kings,7,2,111,78,22.2,142.3,38,0,0,8,7
Liam Livingstone,,2025,Royal Challengers Bengaluru,8,1,112,84,16.0,133.3,54,0,1,4,9
Liam Plunkett,,2018,Delhi Capitals,2,1,1,3,1.0,33.3,1,0,0,0,0
Liton Das,,2023,Kolkata Knight Riders,1,0,4,4,4.0,100.0,4,0,0,1,0
Lockie Ferguson,,2017,Rising Pune Supergiant,1,1,1,1,1.0,100.0,1,0,0,0,0
Lockie Ferguson,,2020,Kolkata Knight Riders,2,1,43,29,43.0,148.3,24,0,0,4,1
Lockie Ferguson,,2021,Kolkata Knight Riders,1,1,18,11,18.0,163.6,18,0,0,1,1
Lockie Ferguson,,2022,Gujarat Titans,2,0,5,4,2.5,125.0,5,0,0,1,0
Lockie Ferguson,,2024,Royal Challengers Bengaluru,1,0,1,1,1.0,100.0,1,0,0,0,0
Lockie Ferguson,,2025,Punjab Kings,1,1,4,1,4.0,400.0,4,0,0,1,0
Luke Ronchi,,2008,Mumbai Indians,4,0,34,32,8.5,106.2,13,0,0,6,1
Luke Ronchi,,2009,Mumbai Indians,1,0,0,2,0.0,0.0,0,0,0,0,0
Lungi Ngidi,,2025,Royal Challengers Bengaluru,1,1,0,2,,0.0,0,0,0,0,0
M Ashwin,,2016,Rising Pune Supergiants,1,0,0,1,0.0,0.0,0,0,0,0,0
M Ashwin,,2018,Royal Challengers Bengaluru,1,0,1,2,1.0,50.0,1,0,0,0,0
M Ashwin,,2019,Punjab Kings,3,2,3,5,3.0,60.0,1,0,0,0,0
M Ashwin,,2020,Punjab Kings,1,0,4,4,4.0,100.0,4,0,0,0,0
M Ashwin,,2021,Punjab Kings,2,0,15,24,7.5,62.5,9,0,0,1,0
M Ashwin,,2022,Mumbai Indians,4,1,12,14,4.0,85.7,6,0,0,1,1
M C Juneja,,2013,Delhi Capitals,7,0,125,128,17.86,97.7,49,0,0,11,1
M K Lomror,,2018,Rajasthan Royals,2,1,20,21,20.0,95.2,11,0,0,1,0
M K Lomror,,2019,Rajasthan Royals,1,0,8,3,8.0,266.7,8,0,0,2,0
M K Lomror,,2020,Rajasthan Royals,3,0,59,54,19.67,109.3,47,0,0,2,3
M K Lomror,,2021,Rajasthan Royals,4,1,94,73,31.33,128.8,43,0,0,3,6
M K Lomror,,2022,Royal Challengers Bengaluru,5,0,86,57,17.2,150.9,42,0,0,7,4
M K Lomror,,2023,Royal Challengers Bengaluru,10,2,135,97,16.88,139.2,54,0,1,9,8
M K Lomror,,2024,Royal Challengers Bengaluru,10,2,125,68,15.62,183.8,33,0,0,9,9
M Klinger,,2011,Kochi Tuskers Kerala,4,0,73,77,18.25,94.8,29,0,0,9,0
M Prasidh Krishna,,2018,Kolkata Knight Riders,1,1,1,5,1.0,20.0,1,0,0,0,0
M Prasidh Krishna,,2019,Kolkata Knight Riders,1,0,0,2,0.0,0.0,0,0,0,0,0
M Prasidh Krishna,,2020,Kolkata Knight Riders,2,2,2,4,2.0,50.0,2,0,0,0,0
M Prasidh Krishna,,2021,Kolkata Knight Riders,1,0,0,1,0.0,0.0,0,0,0,0,0
M Prasidh Krishna,,2022,Rajasthan Royals,2,1,6,12,6.0,50.0,4,0,0,0,0
M S Dhoni,,2008,Chennai Super Kings,14,4,414,310,41.4,133.5,65,0,2,38,15
M S Dhoni,,2009,Chennai Super Kings,13,5,332,261,41.5,127.2,58,0,2,22,9
M S Dhoni,,2010,Chennai Super Kings,11,2,287,210,31.89,136.7,66,0,2,26,8
M S Dhoni,,2011,Chennai Super Kings,13,2,392,247,35.64,158.7,70,0,2,25,23
M S Dhoni,,2012,Chennai Super Kings,17,5,358,278,29.83,128.8,51,0,1,26,9
M S Dhoni,,2013,Chennai Super Kings,16,4,461,283,38.42,162.9,67,0,4,32,25
M S Dhoni,,2014,Chennai Super Kings,15,9,371,250,61.83,148.4,57,0,1,22,20
M S Dhoni,,2015,Chennai Super Kings,17,3,372,305,26.57,122.0,53,0,1,27,17
M S Dhoni,,2016,Rising Pune Supergiants,12,4,284,210,35.5,135.2,64,0,1,18,14
M S Dhoni,,2017,Rising Pune Supergiant,15,2,290,250,22.31,116.0,61,0,1,15,16
M S Dhoni,,2018,Chennai Super Kings,15,5,455,302,45.5,150.7,79,0,3,24,30
M S Dhoni,,2019,Chennai Super Kings,12,6,416,309,69.33,134.6,84,0,3,22,23
M S Dhoni,,2020,Chennai Super Kings,12,4,200,172,25.0,116.3,47,0,0,16,7
M S Dhoni,,2021,Chennai Super Kings,11,4,114,107,16.29,106.5,18,0,0,12,3
M S Dhoni,,2022,Chennai Super Kings,12,4,232,188,29.0,123.4,50,0,1,21,10
M S Dhoni,,2023,Chennai Super Kings,12,8,104,57,26.0,182.5,32,0,0,3,10
M S Dhoni,,2024,Chennai Super Kings,11,8,161,73,53.67,220.5,37,0,0,14,13
M S Dhoni,,2025,Chennai Super Kings,13,5,196,145,24.5,135.2,30,0,0,12,12
M Shahrukh Khan,,2021,Punjab Kings,10,3,153,114,21.86,134.2,47,0,0,9,10
M Shahrukh Khan,,2022,Punjab Kings,8,1,117,108,16.71,108.3,26,0,0,4,9
M Shahrukh Khan,,2023,Punjab Kings,12,5,156,94,22.29,166.0,41,0,0,13,9
M Shahrukh Khan,,2024,Gujarat Titans,7,0,127,75,18.14,169.3,58,0,1,9,9
M Shahrukh Khan,,2025,Gujarat Titans,11,5,179,100,29.83,179.0,57,0,1,11,13
M Theekshana,,2022,Chennai Super Kings,2,1,7,7,7.0,100.0,7,0,0,0,1
M Theekshana,,2025,Rajasthan Royals,4,2,10,27,5.0,37.0,5,0,0,0,0
M Tiwari,,2025,Delhi Capitals,1,0,3,4,3.0,75.0,3,0,0,0,0
MA Khote,,2008,Mumbai Indians,3,1,24,22,12.0,109.1,9,0,0,2,1
MD Mishra,,2010,Sunrisers Hyderabad,11,0,166,144,15.09,115.3,41,0,0,18,6
MD Mishra,,2011,Pune Warriors,5,0,67,60,13.4,111.7,37,0,0,5,2
MD Mishra,,2012,Pune Warriors,1,0,4,4,4.0,100.0,4,0,0,1,0
MG Bracewell,,2023,Royal Challengers Bengaluru,4,2,58,47,29.0,123.4,26,0,0,6,1
MJ Lumb,,2010,Rajasthan Royals,11,0,278,192,25.27,144.8,83,0,1,45,6
MJ Lumb,,2011,Sunrisers Hyderabad,1,0,0,2,0.0,0.0,0,0,0,0,0
MJ Owen,,2025,Punjab Kings,1,0,0,2,0.0,0.0,0,0,0,0,0
MJ Suthar,,2024,Gujarat Titans,1,0,1,2,1.0,50.0,1,0,0,0,0
MN van Wyk,,2009,Kolkata Knight Riders,5,2,167,132,55.67,126.5,74,0,1,19,1
MS Bisla,,2010,Punjab Kings,10,0,218,178,21.8,122.5,75,0,1,27,6
MS Bisla,,2011,Kolkata Knight Riders,5,0,72,89,14.4,80.9,27,0,0,8,0
MS Bisla,,2012,Kolkata Knight Riders,7,0,213,160,30.43,133.1,89,0,1,16,10
MS Bisla,,2013,Kolkata Knight Riders,14,1,255,236,19.62,108.1,92,0,2,36,6
MS Bisla,,2014,Kolkata Knight Riders,1,0,3,9,3.0,33.3,3,0,0,0,0
MS Bisla,,2015,Royal Challengers Bengaluru,2,0,37,30,18.5,123.3,20,0,0,6,1
MS Washington Sundar,,2017,Rising Pune Supergiant,5,4,9,12,9.0,75.0,5,0,0,0,0
MS Washington Sundar,,2018,Royal Challengers Bengaluru,5,1,65,38,16.25,171.1,35,0,0,5,4
MS Washington Sundar,,2019,Royal Challengers Bengaluru,2,0,1,3,0.5,33.3,1,0,0,0,0
MS Washington Sundar,,2020,Royal Challengers Bengaluru,9,2,111,95,15.86,116.8,30,0,0,10,2
MS Washington Sundar,,2021,Royal Challengers Bengaluru,4,0,31,47,7.75,66.0,10,0,0,2,0
MS Washington Sundar,,2022,Sunrisers Hyderabad,7,0,101,69,14.43,146.4,40,0,0,9,3
MS Washington Sundar,,2023,Sunrisers Hyderabad,5,1,60,60,15.0,100.0,24,0,0,6,0
MS Washington Sundar,,2024,Sunrisers Hyderabad,1,0,0,1,0.0,0.0,0,0,0,0,0
MS Washington Sundar,,2025,Gujarat Titans,5,0,133,80,26.6,166.2,49,0,0,10,7
Mahela Jayawardene,,2008,Punjab Kings,12,4,179,131,22.38,136.6,45,0,0,15,7
Mahela Jayawardene,,2009,Punjab Kings,10,4,219,165,36.5,132.7,52,0,1,17,7
Mahela Jayawardene,,2010,Punjab Kings,13,3,439,298,43.9,147.3,110,1,1,55,11
Mahela Jayawardene,,2011,Kochi Tuskers Kerala,13,0,299,257,23.0,116.3,76,0,3,35,5
Mahela Jayawardene,,2012,Delhi Capitals,15,3,335,298,27.92,112.4,56,0,3,39,3
Mahela Jayawardene,,2013,Delhi Capitals,15,0,331,313,22.07,105.8,66,0,2,39,6
Mahesh Rawat,,2008,Rajasthan Royals,7,3,34,39,8.5,87.2,23,0,0,3,1
Mahesh Rawat,,2009,Rajasthan Royals,3,3,16,19,16.0,84.2,8,0,0,1,0
Mahesh Rawat,,2013,Pune Warriors,1,0,5,11,5.0,45.5,5,0,0,0,0
Makhaya Ntini,,2008,Chennai Super Kings,2,1,11,18,11.0,61.1,11,0,0,2,0
Manan Vohra,,2013,Punjab Kings,10,1,161,117,17.89,137.6,43,0,0,22,2
Manan Vohra,,2014,Punjab Kings,8,0,324,233,40.5,139.1,67,0,1,27,16
Manan Vohra,,2015,Punjab Kings,7,0,82,81,11.71,101.2,39,0,0,4,5
Manan Vohra,,2016,Punjab Kings,7,0,161,131,23.0,122.9,51,0,1,19,3
Manan Vohra,,2017,Punjab Kings,9,0,229,159,25.44,144.0,95,0,1,23,9
Manan Vohra,,2018,Royal Challengers Bengaluru,4,0,55,47,13.75,117.0,45,0,0,2,4
Manan Vohra,,2021,Rajasthan Royals,4,0,42,39,10.5,107.7,14,0,0,5,2
Manan Vohra,,2022,Lucknow Super Giants,1,0,19,11,19.0,172.7,19,0,0,1,2
Manan Vohra,,2023,Lucknow Super Giants,1,0,10,11,10.0,90.9,10,0,0,1,0
Mandeep Singh,,2010,Kolkata Knight Riders,2,0,4,11,2.0,36.4,4,0,0,1,0
Mandeep Singh,,2011,Punjab Kings,5,1,47,41,11.75,114.6,15,0,0,4,1
Mandeep Singh,,2012,Punjab Kings,16,0,432,342,27.0,126.3,75,0,2,53,7
Mandeep Singh,,2013,Punjab Kings,14,1,260,223,20.0,116.6,77,0,1,36,0
Mandeep Singh,,2014,Punjab Kings,3,0,24,26,8.0,92.3,21,0,0,2,0
Mandeep Singh,,2015,Royal Challengers Bengaluru,8,1,157,100,22.43,157.0,54,0,1,17,6
Mandeep Singh,,2017,Royal Challengers Bengaluru,10,0,188,177,18.8,106.2,52,0,1,21,4
Mandeep Singh,,2018,Royal Challengers Bengaluru,13,3,252,186,25.2,135.5,47,0,0,16,11
Mandeep Singh,,2019,Punjab Kings,12,7,165,120,33.0,137.5,33,0,0,10,4
Mandeep Singh,,2020,Punjab Kings,7,1,130,109,21.67,119.3,66,0,1,10,4
Mandeep Singh,,2021,Punjab Kings,1,0,15,14,15.0,107.1,15,0,0,2,0
Mandeep Singh,,2022,Delhi Capitals,3,0,18,23,6.0,78.3,18,0,0,4,0
Mandeep Singh,,2023,Kolkata Knight Riders,3,0,14,16,4.67,87.5,12,0,0,0,1
Manish Pandey,,2008,Mumbai Indians,2,0,3,9,1.5,33.3,3,0,0,0,0
Manish Pandey,,2009,Royal Challengers Bengaluru,4,2,168,118,84.0,142.4,114,1,0,17,4
Manish Pandey,,2010,Royal Challengers Bengaluru,13,1,249,226,20.75,110.2,42,0,0,27,7
Manish Pandey,,2011,Pune Warriors,9,0,246,227,27.33,108.4,59,0,1,28,6
Manish Pandey,,2012,Pune Warriors,9,2,143,112,20.43,127.7,80,0,1,12,6
Manish Pandey,,2013,Pune Warriors,7,1,136,137,22.67,99.3,66,0,1,11,3
Manish Pandey,,2014,Kolkata Knight Riders,15,3,401,340,33.42,117.9,94,0,2,35,10
Manish Pandey,,2015,Kolkata Knight Riders,12,1,225,184,20.45,122.3,40,0,0,22,7
Manish Pandey,,2016,Kolkata Knight Riders,11,3,248,183,31.0,135.5,52,0,2,17,9
Manish Pandey,,2017,Kolkata Knight Riders,12,4,396,308,49.5,128.6,81,0,2,28,12
Manish Pandey,,2018,Sunrisers Hyderabad,13,2,284,246,25.82,115.4,62,0,3,22,5
Manish Pandey,,2019,Sunrisers Hyderabad,11,3,344,263,43.0,130.8,83,0,3,34,6
Manish Pandey,,2020,Sunrisers Hyderabad,15,2,425,333,32.69,127.6,83,0,3,35,18
Manish Pandey,,2021,Sunrisers Hyderabad,8,2,292,236,48.67,123.7,69,0,3,21,10
Manish Pandey,,2022,Lucknow Super Giants,6,0,88,80,14.67,110.0,38,0,0,9,2
Manish Pandey,,2023,Delhi Capitals,9,0,160,146,17.78,109.6,50,0,1,15,3
Manish Pandey,,2024,Kolkata Knight Riders,1,0,42,31,42.0,135.5,42,0,0,2,2
Manish Pandey,,2025,Kolkata Knight Riders,3,1,92,65,46.0,141.5,37,0,0,5,5
Manoj Bhandage,,2025,Royal Challengers Bengaluru,1,0,1,4,1.0,25.0,1,0,0,0,0
Manoj Tiwary,,2008,Delhi Capitals,7,3,104,85,26.0,122.4,39,0,0,16,0
Manoj Tiwary,,2009,Delhi Capitals,1,0,9,13,9.0,69.2,9,0,0,1,0
Manoj Tiwary,,2010,Kolkata Knight Riders,11,1,237,186,23.7,127.4,75,0,2,23,5
Manoj Tiwary,,2011,Kolkata Knight Riders,13,5,359,325,44.88,110.5,61,0,1,26,14
Manoj Tiwary,,2012,Kolkata Knight Riders,15,5,260,246,26.0,105.7,59,0,1,21,3
Manoj Tiwary,,2013,Kolkata Knight Riders,9,1,146,140,18.25,104.3,33,0,0,12,1
Manoj Tiwary,,2014,Delhi Capitals,8,2,152,118,25.33,128.8,61,0,1,14,4
Manoj Tiwary,,2015,Delhi Capitals,2,0,57,56,28.5,101.8,32,0,0,8,1
Manoj Tiwary,,2017,Rising Pune Supergiant,13,3,324,236,32.4,137.3,60,0,2,31,11
Manoj Tiwary,,2018,Punjab Kings,4,1,47,44,15.67,106.8,35,0,0,4,1
Manpreet Singh Grewal,,2008,Chennai Super Kings,5,4,35,23,35.0,152.2,15,0,0,2,3
Manpreet Singh Grewal,,2009,Chennai Super Kings,2,0,13,7,6.5,185.7,7,0,0,0,2
Manpreet Singh Grewal,,2010,Chennai Super Kings,1,0,2,6,2.0,33.3,2,0,0,0,0
Manpreet Singh Grewal,,2011,Sunrisers Hyderabad,2,1,0,2,0.0,0.0,0,0,0,0,0
Manpreet Singh Grewal,,2012,Sunrisers Hyderabad,1,0,4,8,4.0,50.0,4,0,0,0,0
Manpreet Singh Grewal,,2013,Punjab Kings,4,1,45,25,15.0,180.0,42,0,0,4,3
Marchant de Lange,,2014,Mumbai Indians,1,0,1,2,1.0,50.0,1,0,0,0,0
Marco Jansen,,2021,Mumbai Indians,2,0,0,3,0.0,0.0,0,0,0,0,0
Marco Jansen,,2022,Sunrisers Hyderabad,2,1,9,7,9.0,128.6,8,0,0,0,1
Marco Jansen,,2023,Sunrisers Hyderabad,6,2,39,43,9.75,90.7,17,0,0,4,0
Marco Jansen,,2024,Sunrisers Hyderabad,2,1,18,13,18.0,138.5,17,0,0,1,1
Marco Jansen,,2025,Punjab Kings,8,4,75,63,18.75,119.0,34,0,0,3,4
Marcus Stoinis,,2016,Punjab Kings,5,1,146,108,36.5,135.2,52,0,1,13,4
Marcus Stoinis,,2017,Punjab Kings,3,0,17,24,5.67,70.8,9,0,0,1,0
Marcus Stoinis,,2018,Punjab Kings,7,3,99,76,24.75,130.3,29,0,0,6,4
Marcus Stoinis,,2019,Royal Challengers Bengaluru,10,6,211,156,52.75,135.3,46,0,0,14,10
Marcus Stoinis,,2020,Delhi Capitals,17,3,352,237,25.14,148.5,65,0,3,31,16
Marcus Stoinis,,2021,Delhi Capitals,7,3,89,72,22.25,123.6,27,0,0,11,1
Marcus Stoinis,,2022,Lucknow Super Giants,10,2,156,106,19.5,147.2,38,0,0,7,13
Marcus Stoinis,,2023,Lucknow Super Giants,15,2,408,272,31.38,150.0,89,0,3,28,27
Marcus Stoinis,,2024,Lucknow Super Giants,14,2,388,263,32.33,147.5,124,1,2,39,16
Marcus Stoinis,,2025,Punjab Kings,11,5,160,86,26.67,186.0,44,0,0,8,15
Mark Boucher,,2008,Royal Challengers Bengaluru,10,2,225,177,28.12,127.1,50,0,1,24,6
Mark Boucher,,2009,Royal Challengers Bengaluru,9,4,150,116,30.0,129.3,48,0,0,8,6
Mark Boucher,,2010,Royal Challengers Bengaluru,2,1,13,10,13.0,130.0,11,0,0,0,1
Mark Boucher,,2011,Kolkata Knight Riders,2,1,6,6,6.0,100.0,5,0,0,0,0
Mark Wood,,2018,Chennai Super Kings,1,0,1,3,1.0,33.3,1,0,0,0,0
Mark Wood,,2023,Lucknow Super Giants,2,1,11,5,11.0,220.0,10,0,0,1,1
Marlon Samuels,,2012,Pune Warriors,8,1,124,123,17.71,100.8,46,0,0,7,5
Marlon Samuels,,2013,Pune Warriors,2,0,8,18,4.0,44.4,5,0,0,1,0
Marlon Samuels,,2017,Delhi Capitals,4,0,29,31,7.25,93.5,27,0,0,1,2
Martin Guptill,,2016,Mumbai Indians,3,0,57,55,19.0,103.6,48,0,0,3,3
Martin Guptill,,2017,Punjab Kings,7,1,132,88,22.0,150.0,50,0,1,17,5
Martin Guptill,,2019,Sunrisers Hyderabad,3,0,81,53,27.0,152.8,36,0,0,4,7
Mashrafe Mortaza,,2009,Kolkata Knight Riders,1,0,2,2,2.0,100.0,2,0,0,0,0
Matt Short,,2023,Punjab Kings,6,0,117,92,19.5,127.2,36,0,0,15,4
Matthew Breetzke,,2025,Lucknow Super Giants,1,0,14,12,14.0,116.7,14,0,0,1,1
Matthew Hayden,,2008,Chennai Super Kings,4,1,189,131,63.0,144.3,81,0,2,24,6
Matthew Hayden,,2009,Chennai Super Kings,12,1,572,395,52.0,144.8,89,0,5,60,22
Matthew Hayden,,2010,Chennai Super Kings,16,0,346,279,21.62,124.0,93,0,1,37,16
Matthew Wade,,2011,Delhi Capitals,3,0,22,33,7.33,66.7,11,0,0,0,0
Matthew Wade,,2022,Gujarat Titans,10,0,157,138,15.7,113.8,35,0,0,23,2
Matthew Wade,,2024,Gujarat Titans,1,0,4,6,4.0,66.7,4,0,0,0,0
Mayank Agarwal,,2011,Royal Challengers Bengaluru,7,0,141,120,20.14,117.5,41,0,0,16,4
Mayank Agarwal,,2012,Royal Challengers Bengaluru,12,0,225,158,18.75,142.4,64,0,1,19,15
Mayank Agarwal,,2013,Royal Challengers Bengaluru,5,0,67,62,13.4,108.1,29,0,0,6,3
Mayank Agarwal,,2014,Delhi Capitals,8,0,115,91,14.38,126.4,31,0,0,12,3
Mayank Agarwal,,2015,Delhi Capitals,10,1,213,177,23.67,120.3,68,0,2,23,7
Mayank Agarwal,,2016,Delhi Capitals,3,0,27,25,9.0,108.0,10,0,0,3,1
Mayank Agarwal,,2017,Rising Pune Supergiant,3,0,26,27,8.67,96.3,20,0,0,3,0
Mayank Agarwal,,2018,Punjab Kings,11,1,120,94,12.0,127.7,30,0,0,9,5
Mayank Agarwal,,2019,Punjab Kings,13,0,332,234,25.54,141.9,58,0,2,26,14
Mayank Agarwal,,2020,Punjab Kings,11,0,424,271,38.55,156.5,106,1,2,44,15
Mayank Agarwal,,2021,Punjab Kings,12,0,441,314,36.75,140.4,99,0,4,42,18
Mayank Agarwal,,2022,Punjab Kings,12,0,196,160,16.33,122.5,52,0,1,23,6
Mayank Agarwal,,2023,Sunrisers Hyderabad,10,0,270,210,27.0,128.6,83,0,1,29,6
Mayank Agarwal,,2024,Sunrisers Hyderabad,4,0,64,57,16.0,112.3,32,0,0,8,1
Mayank Agarwal,,2025,Royal Challengers Bengaluru,4,1,95,64,31.67,148.4,41,0,0,10,2
Mayank Dagar,,2024,Royal Challengers Bengaluru,1,0,0,1,0.0,0.0,0,0,0,0,0
Mayank Markande,,2018,Mumbai Indians,6,4,21,24,10.5,87.5,7,0,0,2,0
Mayank Markande,,2019,Mumbai Indians,1,0,6,5,6.0,120.0,6,0,0,1,0
Mayank Markande,,2023,Sunrisers Hyderabad,3,3,21,13,21.0,161.5,18,0,0,2,1
Michael Clarke,,2012,Pune Warriors,6,0,98,94,16.33,104.3,41,0,0,12,0
Michael Hussey,,2008,Chennai Super Kings,3,1,168,100,84.0,168.0,116,1,0,12,11
Michael Hussey,,2010,Chennai Super Kings,3,1,37,44,18.5,84.1,15,0,0,2,0
Michael Hussey,,2011,Chennai Super Kings,14,2,492,414,41.0,118.8,83,0,4,53,6
Michael Hussey,,2012,Chennai Super Kings,8,0,261,236,32.62,110.6,56,0,2,28,8
Michael Hussey,,2013,Chennai Super Kings,17,2,733,566,48.87,129.5,95,0,6,81,17
Michael Hussey,,2014,Mumbai Indians,9,0,209,182,23.22,114.8,56,0,2,17,7
Michael Hussey,,2015,Chennai Super Kings,4,0,77,70,19.25,110.0,56,0,1,5,3
Misbah-ul-Haq,,2008,Royal Challengers Bengaluru,8,0,117,81,14.62,144.4,47,0,0,10,6
Mitchell Johnson,,2013,Mumbai Indians,6,2,39,36,9.75,108.3,11,0,0,2,2
Mitchell Johnson,,2014,Punjab Kings,8,5,56,50,18.67,112.0,16,0,0,4,3
Mitchell Johnson,,2015,Punjab Kings,8,3,31,36,6.2,86.1,13,0,0,1,1
Mitchell Johnson,,2016,Punjab Kings,2,0,5,14,2.5,35.7,4,0,0,0,0
Mitchell Johnson,,2017,Mumbai Indians,2,2,20,17,20.0,117.6,13,0,0,1,1
Mitchell Johnson,,2018,Kolkata Knight Riders,2,2,16,11,16.0,145.5,12,0,0,2,0
Mitchell Marsh,,2010,Sunrisers Hyderabad,2,0,28,30,14.0,93.3,15,0,0,1,1
Mitchell Marsh,,2011,Pune Warriors,3,1,50,49,25.0,102.0,37,0,0,2,3
Mitchell Marsh,,2013,Pune Warriors,8,0,140,106,17.5,132.1,38,0,0,6,10
Mitchell Marsh,,2016,Rising Pune Supergiants,1,0,7,11,7.0,63.6,7,0,0,0,0
Mitchell Marsh,,2020,Sunrisers Hyderabad,1,0,0,1,0.0,0.0,0,0,0,0,0
Mitchell Marsh,,2022,Delhi Capitals,8,0,251,189,31.38,132.8,89,0,2,19,14
Mitchell Marsh,,2023,Delhi Capitals,9,0,128,97,14.22,132.0,63,0,1,11,7
Mitchell Marsh,,2024,Delhi Capitals,4,0,61,38,15.25,160.5,23,0,0,9,3
Mitchell Marsh,,2025,Lucknow Super Giants,13,0,627,383,48.23,163.7,117,1,6,56,37
Mitchell McClenaghan,,2015,Mumbai Indians,3,2,13,6,13.0,216.7,12,0,0,0,2
Mitchell McClenaghan,,2016,Mumbai Indians,4,1,34,23,11.33,147.8,20,0,0,2,3
Mitchell McClenaghan,,2017,Mumbai Indians,5,1,16,15,4.0,106.7,12,0,0,0,1
Mitchell McClenaghan,,2018,Mumbai Indians,3,1,11,10,5.5,110.0,11,0,0,1,1
Mitchell McClenaghan,,2019,Mumbai Indians,4,1,11,16,3.67,68.8,10,0,0,2,0
Mitchell Santner,,2019,Chennai Super Kings,2,1,32,23,32.0,139.1,22,0,0,0,3
Mitchell Santner,,2022,Chennai Super Kings,4,2,22,27,11.0,81.5,11,0,0,3,0
Mitchell Santner,,2023,Chennai Super Kings,2,2,2,4,2.0,50.0,1,0,0,0,0
Mitchell Santner,,2024,Chennai Super Kings,3,0,14,17,4.67,82.4,11,0,0,1,0
Mitchell Santner,,2025,Mumbai Indians,8,6,40,33,20.0,121.2,18,0,0,2,3
Mitchell Starc,,2014,Royal Challengers Bengaluru,8,2,85,84,14.17,101.2,29,0,0,9,0
Mitchell Starc,,2015,Royal Challengers Bengaluru,3,2,11,14,11.0,78.6,9,0,0,1,0
Mitchell Starc,,2024,Kolkata Knight Riders,5,3,9,11,4.5,81.8,6,0,0,1,0
Mitchell Starc,,2025,Delhi Capitals,5,2,6,10,2.0,60.0,2,0,0,0,0
Mithun Manhas,,2009,Delhi Capitals,6,3,75,62,25.0,121.0,26,0,0,7,1
Mithun Manhas,,2010,Delhi Capitals,8,4,157,149,39.25,105.4,32,0,0,14,0
Mithun Manhas,,2011,Pune Warriors,10,0,114,123,11.4,92.7,35,0,0,8,4
Mithun Manhas,,2012,Pune Warriors,7,2,120,96,24.0,125.0,42,0,0,10,4
Mithun Manhas,,2013,Pune Warriors,2,2,13,17,13.0,76.5,11,0,0,1,0
Mithun Manhas,,2014,Chennai Super Kings,5,2,35,23,11.67,152.2,13,0,0,3,1
Moeen Ali,,2018,Royal Challengers Bengaluru,4,0,77,46,19.25,167.4,65,0,1,4,6
Moeen Ali,,2019,Royal Challengers Bengaluru,10,2,220,133,27.5,165.4,66,0,2,16,17
Moeen Ali,,2020,Royal Challengers Bengaluru,3,0,12,16,4.0,75.0,11,0,0,1,0
Moeen Ali,,2021,Chennai Super Kings,15,1,357,260,25.5,137.3,58,0,1,31,19
Moeen Ali,,2022,Chennai Super Kings,10,0,244,177,24.4,137.9,93,0,1,24,11
Moeen Ali,,2023,Chennai Super Kings,10,3,124,91,17.71,136.3,23,0,0,12,6
Moeen Ali,,2024,Chennai Super Kings,5,0,128,98,25.6,130.6,56,0,1,7,8
Moeen Ali,,2025,Kolkata Knight Riders,2,0,5,14,2.5,35.7,5,0,0,0,0
Mohammad Ashraful,,2009,Mumbai Indians,1,0,2,10,2.0,20.0,2,0,0,0,0
Mohammad Asif,,2008,Delhi Capitals,2,0,3,6,1.5,50.0,3,0,0,0,0
Mohammad Hafeez,,2008,Kolkata Knight Riders,8,1,64,83,9.14,77.1,16,0,0,7,2
Mohammad Kaif,,2008,Rajasthan Royals,14,3,176,171,16.0,102.9,34,0,0,14,6
Mohammad Kaif,,2010,Punjab Kings,3,0,28,30,9.33,93.3,14,0,0,2,0
Mohammad Kaif,,2011,Royal Challengers Bengaluru,4,1,41,33,13.67,124.2,15,0,0,5,0
Mohammad Kaif,,2012,Royal Challengers Bengaluru,1,0,14,16,14.0,87.5,14,0,0,1,0
Mohammad Nabi,,2017,Sunrisers Hyderabad,1,0,2,3,2.0,66.7,2,0,0,0,0
Mohammad Nabi,,2018,Sunrisers Hyderabad,2,0,18,12,9.0,150.0,14,0,0,3,0
Mohammad Nabi,,2019,Sunrisers Hyderabad,7,1,115,76,19.17,151.3,31,0,0,8,7
Mohammad Nabi,,2020,Sunrisers Hyderabad,1,0,11,8,11.0,137.5,11,0,0,2,0
Mohammad Nabi,,2021,Sunrisers Hyderabad,3,0,34,20,11.33,170.0,17,0,0,3,2
Mohammad Nabi,,2024,Mumbai Indians,5,1,35,31,8.75,112.9,23,0,0,2,2
Mohammed Shami,,2013,Kolkata Knight Riders,1,0,5,10,5.0,50.0,5,0,0,0,0
Mohammed Shami,,2014,Delhi Capitals,4,2,3,7,1.5,42.9,1,0,0,0,0
Mohammed Shami,,2016,Delhi Capitals,2,1,2,4,2.0,50.0,2,0,0,0,0
Mohammed Shami,,2017,Delhi Capitals,6,2,36,24,9.0,150.0,21,0,0,4,2
Mohammed Shami,,2018,Delhi Capitals,1,0,7,6,7.0,116.7,7,0,0,1,0
Mohammed Shami,,2019,Punjab Kings,2,1,1,2,1.0,50.0,1,0,0,0,0
Mohammed Shami,,2020,Punjab Kings,2,1,2,3,2.0,66.7,2,0,0,0,0
Mohammed Shami,,2021,Punjab Kings,3,2,13,17,13.0,76.5,9,0,0,0,0
Mohammed Shami,,2023,Gujarat Titans,2,0,5,6,2.5,83.3,5,0,0,1,0
Mohammed Shami,,2025,Sunrisers Hyderabad,4,3,10,10,10.0,100.0,6,0,0,1,0
Mohammed Siraj,,2018,Royal Challengers Bengaluru,3,1,25,22,12.5,113.6,14,0,0,2,1
Mohammed Siraj,,2019,Royal Challengers Bengaluru,3,1,4,14,2.0,28.6,3,0,0,0,0
Mohammed Siraj,,2020,Royal Challengers Bengaluru,3,2,17,14,17.0,121.4,10,0,0,2,0
Mohammed Siraj,,2021,Royal Challengers Bengaluru,4,3,20,26,20.0,76.9,12,0,0,1,1
Mohammed Siraj,,2022,Royal Challengers Bengaluru,4,2,30,33,15.0,90.9,14,0,0,5,0
Mohammed Siraj,,2023,Royal Challengers Bengaluru,2,1,1,2,1.0,50.0,1,0,0,0,0
Mohammed Siraj,,2024,Royal Challengers Bengaluru,1,0,12,8,12.0,150.0,12,0,0,0,2
Mohammed Siraj,,2025,Gujarat Titans,1,1,3,4,3.0,75.0,3,0,0,0,0
Mohit Rathee,,2023,Punjab Kings,1,1,1,2,1.0,50.0,1,0,0,0,0
Mohit Sharma,,2013,Chennai Super Kings,2,1,0,5,0.0,0.0,0,0,0,0,0
Mohit Sharma,,2014,Chennai Super Kings,1,1,1,3,1.0,33.3,1,0,0,0,0
Mohit Sharma,,2015,Chennai Super Kings,5,3,28,18,14.0,155.6,21,0,0,1,2
Mohit Sharma,,2016,Punjab Kings,5,1,32,26,8.0,123.1,15,0,0,3,1
Mohit Sharma,,2017,Punjab Kings,7,0,51,50,7.29,102.0,13,0,0,3,1
Mohit Sharma,,2018,Punjab Kings,4,3,10,13,10.0,76.9,4,0,0,1,0
Mohit Sharma,,2019,Chennai Super Kings,1,1,0,2,,0.0,0,0,0,0,0
Mohit Sharma,,2023,Gujarat Titans,1,1,0,1,,0.0,0,0,0,0,0
Mohit Sharma,,2024,Gujarat Titans,2,0,2,15,1.0,13.3,2,0,0,0,0
Mohit Sharma,,2025,Delhi Capitals,2,1,1,3,1.0,33.3,1,0,0,0,0
Mohsin Khan,,2022,Lucknow Super Giants,3,2,23,16,23.0,143.8,13,0,0,2,1
Mohsin Khan,,2023,Lucknow Super Giants,1,0,0,7,0.0,0.0,0,0,0,0,0
Mohsin Khan,,2024,Lucknow Super Giants,1,0,2,1,2.0,200.0,2,0,0,0,0
Moises Henriques,,2009,Kolkata Knight Riders,3,1,38,40,19.0,95.0,30,0,0,2,1
Moises Henriques,,2010,Delhi Capitals,1,0,11,5,11.0,220.0,11,0,0,2,0
Moises Henriques,,2013,Royal Challengers Bengaluru,9,5,165,125,41.25,132.0,44,0,0,20,3
Moises Henriques,,2014,Sunrisers Hyderabad,2,0,9,14,4.5,64.3,9,0,0,1,0
Moises Henriques,,2015,Sunrisers Hyderabad,9,2,287,211,41.0,136.0,74,0,2,19,13
Moises Henriques,,2016,Sunrisers Hyderabad,15,1,182,158,13.0,115.2,31,0,0,15,6
Moises Henriques,,2017,Sunrisers Hyderabad,11,5,277,203,46.17,136.5,55,0,3,28,4
Moises Henriques,,2021,Punjab Kings,4,1,31,32,10.33,96.9,14,0,0,0,1
Morne Morkel,,2009,Rajasthan Royals,1,0,8,8,8.0,100.0,8,0,0,1,0
Morne Morkel,,2010,Rajasthan Royals,2,0,9,16,4.5,56.2,7,0,0,1,0
Morne Morkel,,2011,Delhi Capitals,5,3,40,25,20.0,160.0,16,0,0,3,2
Morne Morkel,,2012,Delhi Capitals,3,2,3,5,3.0,60.0,2,0,0,0,0
Morne Morkel,,2013,Delhi Capitals,6,0,57,29,9.5,196.6,23,0,0,6,3
Morne Morkel,,2014,Kolkata Knight Riders,1,1,4,3,4.0,133.3,4,0,0,0,0
Morne Morkel,,2015,Kolkata Knight Riders,1,1,4,3,4.0,133.3,4,0,0,0,0
Morne Morkel,,2016,Kolkata Knight Riders,1,1,1,1,1.0,100.0,1,0,0,0,0
Mujeeb Ur Rahman,,2018,Punjab Kings,2,1,10,7,10.0,142.9,10,0,0,2,0
Mujeeb Ur Rahman,,2019,Punjab Kings,2,1,0,4,0.0,0.0,0,0,0,0,0
Mujeeb Ur Rahman,,2020,Punjab Kings,1,0,1,3,1.0,33.3,1,0,0,0,0
Mujeeb Ur Rahman,,2021,Sunrisers Hyderabad,1,1,1,1,1.0,100.0,1,0,0,0,0
Mukesh Choudhary,,2022,Chennai Super Kings,2,1,6,6,6.0,100.0,4,0,0,1,0
Mukesh Kumar,,2023,Delhi Capitals,3,3,7,9,7.0,77.8,6,0,0,0,0
Mukesh Kumar,,2024,Delhi Capitals,2,1,3,9,3.0,33.3,3,0,0,0,0
Munaf Patel,,2008,Rajasthan Royals,1,1,0,1,,0.0,0,0,0,0,0
Munaf Patel,,2009,Rajasthan Royals,5,2,33,26,11.0,126.9,23,0,0,5,0
Munaf Patel,,2010,Rajasthan Royals,2,1,4,5,4.0,80.0,4,0,0,0,0
Munaf Patel,,2011,Mumbai Indians,1,0,0,1,0.0,0.0,0,0,0,0,0
Munaf Patel,,2012,Mumbai Indians,2,2,2,7,2.0,28.6,1,0,0,0,0
Munaf Patel,,2017,Gujarat Titans,1,0,0,1,0.0,0.0,0,0,0,0,0
Murali Kartik,,2008,Kolkata Knight Riders,3,0,30,27,10.0,111.1,17,0,0,3,0
Murali Kartik,,2009,Kolkata Knight Riders,2,1,21,20,21.0,105.0,11,0,0,0,0
Murali Kartik,,2010,Kolkata Knight Riders,2,0,22,22,11.0,100.0,21,0,0,2,0
Murali Kartik,,2011,Pune Warriors,2,1,12,15,12.0,80.0,11,0,0,1,0
Murali Kartik,,2012,Pune Warriors,3,2,26,21,26.0,123.8,14,0,0,1,1
Murali Kartik,,2013,Royal Challengers Bengaluru,2,1,2,3,2.0,66.7,2,0,0,0,0
Murali Vijay,,2009,Chennai Super Kings,4,0,60,67,15.0,89.6,31,0,0,4,2
Murali Vijay,,2010,Chennai Super Kings,15,2,458,292,35.23,156.8,127,1,2,36,26
Murali Vijay,,2011,Chennai Super Kings,16,0,434,339,27.12,128.0,95,0,3,34,20
Murali Vijay,,2012,Chennai Super Kings,13,1,336,267,28.0,125.8,113,1,0,39,10
Murali Vijay,,2013,Chennai Super Kings,15,1,312,286,22.29,109.1,55,0,2,27,8
Murali Vijay,,2014,Delhi Capitals,11,0,207,192,18.82,107.8,52,0,1,20,5
Murali Vijay,,2015,Punjab Kings,11,0,251,228,22.82,110.1,39,0,0,27,8
Murali Vijay,,2016,Punjab Kings,14,1,453,364,34.85,124.5,89,0,5,50,10
Murali Vijay,,2018,Chennai Super Kings,1,0,12,10,12.0,120.0,12,0,0,0,1
Murali Vijay,,2019,Chennai Super Kings,2,0,64,61,32.0,104.9,38,0,0,6,1
Murali Vijay,,2020,Chennai Super Kings,3,0,32,43,10.67,74.4,21,0,0,4,0
Musheer Khan,,2025,Punjab Kings,1,0,0,3,0.0,0.0,0,0,0,0,0
Mustafizur Rahman,,2018,Mumbai Indians,1,0,1,3,1.0,33.3,1,0,0,0,0
Mustafizur Rahman,,2021,Rajasthan Royals,3,3,8,14,8.0,57.1,8,0,0,0,1
Mustafizur Rahman,,2022,Delhi Capitals,1,1,3,5,3.0,60.0,3,0,0,0,0
Mustafizur Rahman,,2023,Delhi Capitals,1,1,1,1,1.0,100.0,1,0,0,0,0
Mustafizur Rahman,,2025,Delhi Capitals,1,0,0,1,0.0,0.0,0,0,0,0,0
Muttiah Muralitharan,,2008,Chennai Super Kings,1,0,0,3,0.0,0.0,0,0,0,0,0
Muttiah Muralitharan,,2009,Chennai Super Kings,4,2,8,8,4.0,100.0,4,0,0,1,0
Muttiah Muralitharan,,2010,Chennai Super Kings,1,0,1,2,1.0,50.0,1,0,0,0,0
Muttiah Muralitharan,,2011,Kochi Tuskers Kerala,1,0,5,8,5.0,62.5,5,0,0,0,0
Muttiah Muralitharan,,2012,Royal Challengers Bengaluru,2,0,6,9,3.0,66.7,6,0,0,0,0
N Jagadeesan,,2020,Chennai Super Kings,2,0,33,29,16.5,113.8,33,0,0,4,0
N Jagadeesan,,2022,Chennai Super Kings,2,1,40,37,40.0,108.1,39,0,0,3,1
N Jagadeesan,,2023,Kolkata Knight Riders,6,0,89,81,14.83,109.9,36,0,0,14,1
N R SAINI,,2012,Punjab Kings,10,0,140,141,14.0,99.3,50,0,1,16,0
N S Naik,,2016,Punjab Kings,2,0,23,31,11.5,74.2,22,0,0,1,0
N S Naik,,2019,Kolkata Knight Riders,1,0,7,16,7.0,43.8,7,0,0,1,0
N S Naik,,2020,Kolkata Knight Riders,1,0,1,3,1.0,33.3,1,0,0,0,0
N Wadhera,,2023,Mumbai Indians,10,1,241,166,26.78,145.2,64,0,2,23,12
N Wadhera,,2024,Mumbai Indians,6,0,109,84,18.17,129.8,49,0,0,9,6
N Wadhera,,2025,Punjab Kings,15,3,369,253,30.75,145.8,70,0,2,28,21
ND Doshi,,2011,Rajasthan Royals,1,0,0,13,0.0,0.0,0,0,0,0,0
NJ Rimmington,,2011,Punjab Kings,1,1,1,1,1.0,100.0,1,0,0,0,0
NK Patel,,2008,Rajasthan Royals,4,1,103,81,34.33,127.2,57,0,1,13,1
NK Patel,,2009,Rajasthan Royals,2,0,18,38,9.0,47.4,14,0,0,1,0
NL McCullum,,2011,Pune Warriors,2,0,26,22,13.0,118.2,15,0,0,0,1
Naman Dhir,,2024,Mumbai Indians,7,1,140,79,23.33,177.2,62,0,1,12,10
Naman Dhir,,2025,Mumbai Indians,12,4,252,138,31.5,182.6,46,0,0,24,13
Naman Ojha,,2009,Rajasthan Royals,8,0,168,144,21.0,116.7,68,0,2,11,11
Naman Ojha,,2010,Rajasthan Royals,14,2,377,285,31.42,132.3,94,0,2,42,15
Naman Ojha,,2011,Delhi Capitals,14,1,160,161,12.31,99.4,29,0,0,11,11
Naman Ojha,,2012,Delhi Capitals,16,5,255,224,23.18,113.8,64,0,1,21,13
Naman Ojha,,2013,Delhi Capitals,2,1,9,10,9.0,90.0,9,0,0,1,0
Naman Ojha,,2014,Sunrisers Hyderabad,10,3,232,161,33.14,144.1,79,0,1,14,17
Naman Ojha,,2015,Sunrisers Hyderabad,11,1,137,121,13.7,113.2,28,0,0,12,4
Naman Ojha,,2016,Sunrisers Hyderabad,13,2,136,138,12.36,98.6,37,0,0,7,5
Naman Ojha,,2017,Sunrisers Hyderabad,5,1,79,65,19.75,121.5,34,0,0,2,3
Naman Ojha,,2018,Delhi Capitals,1,0,1,4,1.0,25.0,1,0,0,0,0
Nathan Coulter-Nile,,2013,Mumbai Indians,1,0,9,6,9.0,150.0,9,0,0,0,1
Nathan Coulter-Nile,,2015,Delhi Capitals,5,1,20,18,5.0,111.1,6,0,0,2,1
Nathan Coulter-Nile,,2016,Delhi Capitals,2,2,9,14,9.0,64.3,7,0,0,1,0
Nathan Coulter-Nile,,2017,Kolkata Knight Riders,3,0,14,12,4.67,116.7,6,0,0,0,2
Nathan Coulter-Nile,,2020,Mumbai Indians,2,1,25,15,25.0,166.7,24,0,0,4,0
Nathan Coulter-Nile,,2021,Mumbai Indians,2,0,4,5,2.0,80.0,3,0,0,0,0
Nathan Coulter-Nile,,2022,Rajasthan Royals,1,1,1,2,1.0,50.0,1,0,0,0,0
Nathan Ellis,,2021,Punjab Kings,2,1,18,16,18.0,112.5,12,0,0,0,1
Nathan Ellis,,2022,Punjab Kings,1,0,0,2,0.0,0.0,0,0,0,0,0
Nathan Ellis,,2023,Punjab Kings,2,0,1,7,0.5,14.3,1,0,0,0,0
Navdeep Saini,,2019,Royal Challengers Bengaluru,2,1,2,4,2.0,50.0,2,0,0,0,0
Navdeep Saini,,2020,Royal Challengers Bengaluru,3,2,27,27,27.0,100.0,12,0,0,3,0
Navdeep Saini,,2021,Royal Challengers Bengaluru,1,0,2,4,2.0,50.0,2,0,0,0,0
Navdeep Saini,,2022,Rajasthan Royals,1,0,2,2,2.0,100.0,2,0,0,0,0
Naveen-ul-Haq,,2023,Lucknow Super Giants,3,1,16,21,8.0,76.2,13,0,0,2,0
Naveen-ul-Haq,,2024,Lucknow Super Giants,1,1,2,4,2.0,50.0,2,0,0,0,0
Nicholas Pooran,,2019,Punjab Kings,6,0,168,107,28.0,157.0,48,0,0,9,14
Nicholas Pooran,,2020,Punjab Kings,14,3,353,208,32.09,169.7,77,0,2,23,25
Nicholas Pooran,,2021,Punjab Kings,10,0,85,76,8.5,111.8,32,0,0,3,5
Nicholas Pooran,,2022,Sunrisers Hyderabad,13,5,306,212,38.25,144.3,64,0,2,16,21
Nicholas Pooran,,2023,Lucknow Super Giants,15,3,358,207,29.83,172.9,62,0,2,26,26
Nicholas Pooran,,2024,Lucknow Super Giants,14,4,499,280,49.9,178.2,75,0,3,35,36
Nicholas Pooran,,2025,Lucknow Super Giants,14,2,524,267,43.67,196.3,87,0,5,45,40
Nicolas Maddinson,,2014,Royal Challengers Bengaluru,2,0,16,14,8.0,114.3,12,0,0,3,0
Nicolas Maddinson,,2015,Royal Challengers Bengaluru,1,0,4,7,4.0,57.1,4,0,0,1,0
Nitish Rana,,2016,Mumbai Indians,3,0,104,75,34.67,138.7,70,0,1,7,8
Nitish Rana,,2017,Mumbai Indians,12,1,333,264,30.27,126.1,62,0,3,24,17
Nitish Rana,,2018,Kolkata Knight Riders,15,2,304,232,23.38,131.0,59,0,1,26,14
Nitish Rana,,2019,Kolkata Knight Riders,11,0,344,235,31.27,146.4,85,0,3,27,21
Nitish Rana,,2020,Kolkata Knight Riders,14,0,352,254,25.14,138.6,87,0,3,43,12
Nitish Rana,,2021,Kolkata Knight Riders,16,3,383,314,29.46,122.0,80,0,2,34,17
Nitish Rana,,2022,Kolkata Knight Riders,14,1,361,251,27.77,143.8,57,0,2,29,22
Nitish Rana,,2023,Kolkata Knight Riders,14,0,413,293,29.5,141.0,75,0,3,39,20
Nitish Rana,,2024,Kolkata Knight Riders,2,0,42,34,21.0,123.5,33,0,0,5,1
Nitish Rana,,2025,Rajasthan Royals,11,1,217,134,21.7,161.9,81,0,2,27,9
Noor Ahmad,,2023,Gujarat Titans,3,1,8,9,4.0,88.9,7,0,0,1,0
Noor Ahmad,,2024,Gujarat Titans,2,0,5,9,2.5,55.6,4,0,0,1,0
Noor Ahmad,,2025,Chennai Super Kings,6,2,7,17,1.75,41.2,2,0,0,0,0
Nuwan Kulasekara,,2012,Chennai Super Kings,1,1,5,3,5.0,166.7,5,0,0,1,0
Nuwan Zoysa,,2008,Sunrisers Hyderabad,2,0,11,9,5.5,122.2,10,0,0,1,0
OC McCoy,,2022,Rajasthan Royals,1,0,8,5,8.0,160.0,8,0,0,0,1
OF Smith,,2022,Punjab Kings,6,2,51,44,12.75,115.9,25,0,0,1,5
Owais Shah,,2010,Kolkata Knight Riders,5,2,115,95,38.33,121.1,58,0,1,7,5
Owais Shah,,2011,Kochi Tuskers Kerala,2,0,26,15,13.0,173.3,23,0,0,1,2
Owais Shah,,2012,Rajasthan Royals,13,4,340,256,37.78,132.8,76,0,3,24,16
Owais Shah,,2013,Rajasthan Royals,2,0,25,23,12.5,108.7,24,0,0,2,0
P K Dogra,,2010,Rajasthan Royals,8,0,107,106,13.38,100.9,41,0,0,4,5
P K Dogra,,2012,Punjab Kings,3,0,15,24,5.0,62.5,6,0,0,0,0
P K Dogra,,2013,Kolkata Knight Riders,1,0,5,8,5.0,62.5,5,0,0,0,0
P Parameswaran,,2011,Kochi Tuskers Kerala,1,1,1,1,1.0,100.0,1,0,0,0,0
P Parameswaran,,2012,Royal Challengers Bengaluru,1,1,0,1,,0.0,0,0,0,0,0
P R Shah,,2008,Mumbai Indians,4,0,34,35,8.5,97.1,19,0,0,4,0
P R Shah,,2009,Mumbai Indians,4,1,53,51,17.67,103.9,29,0,0,4,2
P R Shah,,2011,Rajasthan Royals,1,0,5,5,5.0,100.0,5,0,0,1,0
P S Chopra,,2018,Rajasthan Royals,1,0,8,6,8.0,133.3,8,0,0,2,0
P Sahu,,2016,Punjab Kings,2,1,19,13,19.0,146.2,18,0,0,1,1
PBB Rajapaksa,,2022,Punjab Kings,9,0,206,129,22.89,159.7,43,0,0,16,13
PBB Rajapaksa,,2023,Punjab Kings,4,1,71,62,23.67,114.5,50,0,1,6,2
PC Valthaty,,2009,Rajasthan Royals,2,0,6,12,3.0,50.0,5,0,0,1,0
PC Valthaty,,2011,Punjab Kings,14,0,463,338,33.07,137.0,120,1,2,55,20
PC Valthaty,,2012,Punjab Kings,6,0,30,51,5.0,58.8,13,0,0,4,0
PC Valthaty,,2013,Punjab Kings,1,0,6,17,6.0,35.3,6,0,0,0,0
PHKD Mendis,,2025,Sunrisers Hyderabad,5,2,92,69,30.67,133.3,32,0,0,7,2
PM Sarvesh Kumar,,2008,Sunrisers Hyderabad,1,1,1,2,1.0,50.0,1,0,0,0,0
PVSN Raju,,2025,Mumbai Indians,1,1,1,1,1.0,100.0,1,0,0,0,0
Pankaj Singh,,2008,Rajasthan Royals,2,2,5,8,5.0,62.5,4,0,0,0,0
Pankaj Singh,,2009,Royal Challengers Bengaluru,2,1,1,2,1.0,50.0,1,0,0,0,0
Pankaj Singh,,2010,Royal Challengers Bengaluru,1,0,1,2,1.0,50.0,1,0,0,0,0
Parthiv Patel,,2008,Chennai Super Kings,13,2,302,297,27.45,101.7,54,0,2,42,3
Parthiv Patel,,2009,Chennai Super Kings,9,0,142,126,15.78,112.7,36,0,0,19,2
Parthiv Patel,,2010,Chennai Super Kings,4,0,72,79,18.0,91.1,57,0,1,6,2
Parthiv Patel,,2011,Kochi Tuskers Kerala,13,2,202,183,18.36,110.4,37,0,0,25,2
Parthiv Patel,,2012,Sunrisers Hyderabad,12,1,194,165,17.64,117.6,45,0,0,19,4
Parthiv Patel,,2013,Sunrisers Hyderabad,13,0,294,255,22.62,115.3,61,0,1,37,4
Parthiv Patel,,2014,Royal Challengers Bengaluru,12,2,205,185,20.5,110.8,57,0,1,30,1
Parthiv Patel,,2015,Mumbai Indians,14,1,339,246,26.08,137.8,59,0,2,47,5
Parthiv Patel,,2016,Mumbai Indians,10,0,177,152,17.7,116.4,81,0,1,23,4
Parthiv Patel,,2017,Mumbai Indians,16,0,395,293,24.69,134.8,70,0,2,49,8
Parthiv Patel,,2018,Royal Challengers Bengaluru,6,1,153,109,30.6,140.4,53,0,1,20,4
Parthiv Patel,,2019,Royal Challengers Bengaluru,14,0,373,268,26.64,139.2,67,0,2,48,10
Parvez Rasool,,2013,Pune Warriors,2,1,5,9,5.0,55.6,4,0,0,0,0
Parvez Rasool,,2015,Sunrisers Hyderabad,1,1,2,2,2.0,100.0,2,0,0,0,0
Parvez Rasool,,2016,Royal Challengers Bengaluru,1,0,10,9,10.0,111.1,10,0,0,1,0
Parvinder Awana,,2012,Punjab Kings,1,1,4,5,4.0,80.0,4,0,0,0,0
Parvinder Awana,,2013,Punjab Kings,4,1,1,9,0.33,11.1,1,0,0,0,0
Paul Collingwood,,2010,Delhi Capitals,7,0,203,156,29.0,130.1,75,0,3,9,13
Pawan Negi,,2012,Delhi Capitals,4,1,36,29,12.0,124.1,14,0,0,4,1
Pawan Negi,,2015,Chennai Super Kings,9,1,116,73,14.5,158.9,36,0,0,10,5
Pawan Negi,,2016,Delhi Capitals,6,3,57,59,19.0,96.6,19,0,0,2,3
Pawan Negi,,2017,Royal Challengers Bengaluru,10,1,144,111,16.0,129.7,35,0,0,10,7
Pawan Negi,,2018,Royal Challengers Bengaluru,2,0,3,5,1.5,60.0,3,0,0,0,0
Pawan Negi,,2019,Royal Challengers Bengaluru,4,0,9,12,2.25,75.0,5,0,0,1,0
Peter Handscomb,,2016,Rising Pune Supergiants,1,0,6,12,6.0,50.0,6,0,0,0,0
Philip Salt,,2023,Delhi Capitals,9,1,218,133,27.25,163.9,87,0,2,24,10
Philip Salt,,2024,Kolkata Knight Riders,12,1,435,239,39.55,182.0,89,0,4,50,24
Philip Salt,,2025,Royal Challengers Bengaluru,13,1,403,229,33.58,176.0,65,0,4,48,22
Piyush Chawla,,2008,Punjab Kings,7,2,90,59,18.0,152.5,24,0,0,10,3
Piyush Chawla,,2009,Punjab Kings,8,4,31,36,7.75,86.1,8,0,0,3,0
Piyush Chawla,,2010,Punjab Kings,6,0,62,60,10.33,103.3,22,0,0,7,0
Piyush Chawla,,2011,Punjab Kings,6,2,48,55,12.0,87.3,15,0,0,2,2
Piyush Chawla,,2012,Punjab Kings,12,4,106,88,13.25,120.5,21,0,0,9,4
Piyush Chawla,,2013,Punjab Kings,10,4,64,57,10.67,112.3,23,0,0,5,3
Piyush Chawla,,2014,Kolkata Knight Riders,5,1,31,19,7.75,163.2,17,0,0,4,1
Piyush Chawla,,2015,Kolkata Knight Riders,7,3,54,47,13.5,114.9,22,0,0,5,2
Piyush Chawla,,2016,Kolkata Knight Riders,3,0,27,26,9.0,103.8,11,0,0,4,0
Piyush Chawla,,2017,Kolkata Knight Riders,1,0,2,6,2.0,33.3,2,0,0,0,0
Piyush Chawla,,2018,Kolkata Knight Riders,5,1,27,34,6.75,79.4,12,0,0,1,1
Piyush Chawla,,2019,Kolkata Knight Riders,5,1,42,37,10.5,113.5,14,0,0,4,2
Piyush Chawla,,2021,Mumbai Indians,1,0,0,2,0.0,0.0,0,0,0,0,0
Piyush Chawla,,2023,Mumbai Indians,4,2,25,22,12.5,113.6,18,0,0,1,1
Piyush Chawla,,2024,Mumbai Indians,6,2,15,15,3.75,100.0,10,0,0,1,1
Prabhsimran Singh,,2019,Punjab Kings,1,0,16,17,16.0,94.1,16,0,0,1,1
Prabhsimran Singh,,2020,Punjab Kings,2,0,15,15,7.5,100.0,11,0,0,2,0
Prabhsimran Singh,,2021,Punjab Kings,2,0,19,23,9.5,82.6,12,0,0,1,1
Prabhsimran Singh,,2022,Punjab Kings,1,0,14,11,14.0,127.3,14,0,0,2,0
Prabhsimran Singh,,2023,Punjab Kings,14,0,358,238,25.57,150.4,103,1,1,38,19
Prabhsimran Singh,,2024,Punjab Kings,14,0,334,213,23.86,156.8,71,0,2,34,20
Prabhsimran Singh,,2025,Punjab Kings,18,1,599,370,35.24,161.9,91,0,5,63,30
Pradeep Sangwan,,2008,Delhi Capitals,2,0,2,5,1.0,40.0,2,0,0,0,0
Pradeep Sangwan,,2009,Delhi Capitals,4,2,6,10,3.0,60.0,5,0,0,0,0
Pradeep Sangwan,,2010,Delhi Capitals,2,1,10,14,10.0,71.4,6,0,0,0,0
Pradeep Sangwan,,2013,Kolkata Knight Riders,1,1,4,2,4.0,200.0,4,0,0,1,0
Pradeep Sangwan,,2017,Gujarat Titans,3,1,2,4,1.0,50.0,1,0,0,0,0
Pradeep Sangwan,,2018,Mumbai Indians,1,0,0,4,0.0,0.0,0,0,0,0,0
Pradeep Sangwan,,2022,Gujarat Titans,1,0,2,5,2.0,40.0,2,0,0,0,0
Pragyan Ojha,,2008,Sunrisers Hyderabad,3,2,2,4,2.0,50.0,1,0,0,0,0
Pragyan Ojha,,2009,Sunrisers Hyderabad,4,1,1,7,0.33,14.3,1,0,0,0,0
Pragyan Ojha,,2010,Sunrisers Hyderabad,3,0,3,8,1.0,37.5,2,0,0,0,0
Pragyan Ojha,,2012,Mumbai Indians,3,1,4,14,2.0,28.6,3,0,0,0,0
Pragyan Ojha,,2013,Mumbai Indians,3,2,2,4,2.0,50.0,1,0,0,0,0
Pragyan Ojha,,2014,Mumbai Indians,3,1,4,8,2.0,50.0,2,0,0,0,0
Praveen Kumar,,2008,Royal Challengers Bengaluru,12,1,112,98,10.18,114.3,34,0,0,10,6
Praveen Kumar,,2009,Royal Challengers Bengaluru,8,3,65,46,13.0,141.3,14,0,0,1,6
Praveen Kumar,,2010,Royal Challengers Bengaluru,3,1,4,8,2.0,50.0,3,0,0,0,0
Praveen Kumar,,2011,Punjab Kings,7,4,27,31,9.0,87.1,15,0,0,2,1
Praveen Kumar,,2012,Punjab Kings,7,4,35,30,11.67,116.7,10,0,0,2,1
Praveen Kumar,,2013,Punjab Kings,7,1,47,39,7.83,120.5,24,0,0,3,3
Praveen Kumar,,2014,Mumbai Indians,1,0,1,2,1.0,50.0,1,0,0,0,0
Praveen Kumar,,2015,Sunrisers Hyderabad,4,1,17,25,5.67,68.0,12,0,0,1,0
Praveen Kumar,,2016,Gujarat Titans,6,2,24,26,6.0,92.3,15,0,0,3,0
Praveen Kumar,,2017,Gujarat Titans,2,0,8,9,4.0,88.9,7,0,0,0,0
Pravin Dubey,,2020,Delhi Capitals,1,0,7,13,7.0,53.8,7,0,0,0,0
Pravin Dubey,,2023,Delhi Capitals,1,0,16,20,16.0,80.0,16,0,0,2,0
Pravin V Tambe,,2013,Rajasthan Royals,1,1,3,6,3.0,50.0,3,0,0,0,0
Pravin V Tambe,,2014,Rajasthan Royals,2,0,5,9,2.5,55.6,3,0,0,0,0
Pravin V Tambe,,2015,Rajasthan Royals,2,2,3,5,3.0,60.0,2,0,0,0,0
Pravin V Tambe,,2016,Gujarat Titans,1,1,7,19,7.0,36.8,7,0,0,1,0
Prayas Ray Barman,,2019,Royal Challengers Bengaluru,1,0,19,24,19.0,79.2,19,0,0,2,0
Prerak Mankad,,2022,Punjab Kings,1,1,4,1,4.0,400.0,4,0,0,1,0
Prerak Mankad,,2023,Lucknow Super Giants,4,1,93,72,31.0,129.2,64,0,1,12,2
Prince Yadav,,2025,Lucknow Super Giants,2,2,5,10,5.0,50.0,4,0,0,0,0
Prithvi Raj Yarra,,2019,Kolkata Knight Riders,1,1,0,1,,0.0,0,0,0,0,0
Prithvi Shaw,,2018,Delhi Capitals,9,0,245,160,27.22,153.1,65,0,2,27,10
Prithvi Shaw,,2019,Delhi Capitals,16,0,353,264,22.06,133.7,99,0,2,45,9
Prithvi Shaw,,2020,Delhi Capitals,13,0,228,167,17.54,136.5,66,0,2,27,8
Prithvi Shaw,,2021,Delhi Capitals,15,0,479,301,31.93,159.1,82,0,4,56,18
Prithvi Shaw,,2022,Delhi Capitals,10,0,283,185,28.3,153.0,61,0,2,37,10
Prithvi Shaw,,2023,Delhi Capitals,8,0,106,85,13.25,124.7,54,0,1,16,1
Prithvi Shaw,,2024,Delhi Capitals,8,0,198,121,24.75,163.6,66,0,1,30,5
Priyam Garg,,2020,Sunrisers Hyderabad,10,0,133,111,13.3,119.8,51,0,1,9,4
Priyam Garg,,2021,Sunrisers Hyderabad,5,0,72,74,14.4,97.3,29,0,0,2,3
Priyam Garg,,2022,Sunrisers Hyderabad,2,0,46,33,23.0,139.4,42,0,0,4,2
Priyam Garg,,2023,Delhi Capitals,2,0,22,23,11.0,95.7,12,0,0,1,0
Priyansh Arya,,2025,Punjab Kings,18,0,545,299,30.28,182.3,103,1,3,60,31
Quinton de Kock,,2013,Sunrisers Hyderabad,3,0,6,15,2.0,40.0,4,0,0,1,0
Quinton de Kock,,2014,Delhi Capitals,7,0,153,130,21.86,117.7,48,0,0,19,4
Quinton de Kock,,2015,Delhi Capitals,3,0,122,77,40.67,158.4,69,0,2,18,4
Quinton de Kock,,2016,Delhi Capitals,13,1,445,327,37.08,136.1,108,1,3,52,13
Quinton de Kock,,2018,Royal Challengers Bengaluru,8,0,201,162,25.12,124.1,53,0,1,20,8
Quinton de Kock,,2019,Mumbai Indians,16,1,529,398,35.27,132.9,81,0,4,45,25
Quinton de Kock,,2020,Mumbai Indians,16,2,503,358,35.93,140.5,78,0,4,46,22
Quinton de Kock,,2021,Mumbai Indians,11,1,297,256,29.7,116.0,70,0,2,29,7
Quinton de Kock,,2022,Lucknow Super Giants,15,1,508,341,36.29,149.0,140,1,3,47,23
Quinton de Kock,,2023,Lucknow Super Giants,4,0,143,102,35.75,140.2,70,0,1,10,8
Quinton de Kock,,2024,Lucknow Super Giants,11,0,250,186,22.73,134.4,81,0,3,29,9
Quinton de Kock,,2025,Kolkata Knight Riders,8,0,152,117,19.0,129.9,97,0,1,9,11
R A Tripathi,,2017,Rising Pune Supergiant,14,0,391,267,27.93,146.4,93,0,2,43,17
R A Tripathi,,2018,Rajasthan Royals,12,2,226,167,22.6,135.3,80,0,1,18,8
R A Tripathi,,2019,Rajasthan Royals,7,1,141,118,23.5,119.5,50,0,1,13,2
R A Tripathi,,2020,Kolkata Knight Riders,11,1,230,181,23.0,127.1,81,0,1,21,10
R A Tripathi,,2021,Kolkata Knight Riders,16,2,397,283,28.36,140.3,74,0,2,41,11
R A Tripathi,,2022,Sunrisers Hyderabad,14,3,413,261,37.55,158.2,76,0,3,40,20
R A Tripathi,,2023,Sunrisers Hyderabad,13,1,273,213,22.75,128.2,74,0,1,29,10
R A Tripathi,,2024,Sunrisers Hyderabad,6,0,165,115,27.5,143.5,55,0,1,18,6
R A Tripathi,,2025,Chennai Super Kings,5,0,55,57,11.0,96.5,23,0,0,6,1
R D Chahar,,2017,Rising Pune Supergiant,1,1,3,2,3.0,150.0,3,0,0,0,0
R D Chahar,,2019,Mumbai Indians,4,2,12,11,6.0,109.1,10,0,0,2,0
R D Chahar,,2020,Mumbai Indians,1,1,2,4,2.0,50.0,2,0,0,0,0
R D Chahar,,2021,Mumbai Indians,4,0,14,15,3.5,93.3,8,0,0,1,0
R D Chahar,,2022,Punjab Kings,8,1,77,68,11.0,113.2,25,0,0,7,4
R D Chahar,,2023,Punjab Kings,2,0,0,9,0.0,0.0,0,0,0,0,0
R D Chahar,,2024,Punjab Kings,2,1,21,15,21.0,140.0,16,0,0,3,1
R D Gaikwad,,2020,Chennai Super Kings,6,2,204,169,51.0,120.7,72,0,3,16,6
R D Gaikwad,,2021,Chennai Super Kings,16,2,635,466,45.36,136.3,101,1,4,64,23
R D Gaikwad,,2022,Chennai Super Kings,14,0,368,291,26.29,126.5,99,0,3,33,14
R D Gaikwad,,2023,Chennai Super Kings,15,1,590,400,42.14,147.5,92,0,4,46,30
R D Gaikwad,,2024,Chennai Super Kings,14,2,583,413,48.58,141.2,108,1,4,58,18
R D Gaikwad,,2025,Chennai Super Kings,5,0,122,81,24.4,150.6,63,0,2,14,4
R K Bishnoi,,2009,Royal Challengers Bengaluru,3,0,19,17,6.33,111.8,18,0,0,1,2
R K Tewatia,,2014,Rajasthan Royals,1,0,16,13,16.0,123.1,16,0,0,0,1
R K Tewatia,,2017,Punjab Kings,2,1,19,11,19.0,172.7,15,0,0,4,0
R K Tewatia,,2018,Delhi Capitals,5,2,50,43,16.67,116.3,24,0,0,5,1
R K Tewatia,,2019,Delhi Capitals,4,3,26,22,26.0,118.2,11,0,0,2,1
R K Tewatia,,2020,Rajasthan Royals,11,5,255,183,42.5,139.3,53,0,1,13,17
R K Tewatia,,2021,Rajasthan Royals,11,1,155,147,15.5,105.4,44,0,0,11,6
R K Tewatia,,2022,Gujarat Titans,12,5,217,147,31.0,147.6,43,0,0,22,9
R K Tewatia,,2023,Gujarat Titans,10,5,87,57,17.4,152.6,20,0,0,3,7
R K Tewatia,,2024,Gujarat Titans,9,2,188,129,26.86,145.7,36,0,0,24,5
R K Tewatia,,2025,Gujarat Titans,11,4,99,59,14.14,167.8,24,0,0,6,7
R Minz,,2025,Mumbai Indians,2,0,6,15,3.0,40.0,3,0,0,0,0
R Ninan,,2011,Royal Challengers Bengaluru,1,0,3,6,3.0,50.0,3,0,0,0,0
R P Singh,,2008,Sunrisers Hyderabad,9,4,27,24,5.4,112.5,10,0,0,2,1
R P Singh,,2009,Sunrisers Hyderabad,5,0,8,17,1.6,47.1,4,0,0,0,0
R P Singh,,2010,Sunrisers Hyderabad,5,3,9,19,4.5,47.4,4,0,0,0,0
R P Singh,,2011,Kochi Tuskers Kerala,4,2,2,4,1.0,50.0,1,0,0,0,0
R P Singh,,2012,Mumbai Indians,5,3,6,12,3.0,50.0,3,0,0,0,0
R Powell,,2022,Delhi Capitals,12,1,250,167,22.73,149.7,67,0,1,10,22
R Powell,,2023,Delhi Capitals,3,0,7,9,2.33,77.8,4,0,0,1,0
R Powell,,2024,Rajasthan Royals,7,1,103,68,17.17,151.5,27,0,0,10,6
R Powell,,2025,Kolkata Knight Riders,1,0,5,5,5.0,100.0,5,0,0,1,0
R R Dhawan,,2013,Mumbai Indians,4,1,21,21,7.0,100.0,14,0,0,3,0
R R Dhawan,,2014,Punjab Kings,6,4,82,75,41.0,109.3,23,0,0,8,1
R R Dhawan,,2015,Punjab Kings,4,2,36,33,18.0,109.1,25,0,0,2,2
R R Dhawan,,2016,Punjab Kings,2,2,14,6,14.0,233.3,11,0,0,0,1
R R Dhawan,,2022,Punjab Kings,4,2,37,40,18.5,92.5,21,0,0,4,2
R R Dhawan,,2023,Punjab Kings,2,0,20,12,10.0,166.7,19,0,0,1,1
R Sai Kishore,,2024,Gujarat Titans,1,0,13,6,13.0,216.7,13,0,0,0,2
R Sai Kishore,,2025,Gujarat Titans,3,0,5,10,1.67,50.0,3,0,0,0,0
R Sanjay Yadav,,2022,Mumbai Indians,1,0,0,2,0.0,0.0,0,0,0,0,0
R Sathish,,2010,Mumbai Indians,10,3,112,96,16.0,116.7,24,0,0,11,0
R Sathish,,2011,Mumbai Indians,3,1,25,34,12.5,73.5,18,0,0,1,0
R Sathish,,2013,Punjab Kings,8,3,109,77,21.8,141.6,27,0,0,9,5
R Sathish,,2016,Kolkata Knight Riders,3,0,24,24,8.0,100.0,10,0,0,1,1
R Sharma,,2010,Sunrisers Hyderabad,4,1,29,26,9.67,111.5,14,0,0,3,1
R Sharma,,2011,Pune Warriors,5,2,24,21,8.0,114.3,13,0,0,1,2
R Sharma,,2012,Pune Warriors,4,1,2,11,0.67,18.2,2,0,0,0,0
R Sharma,,2013,Pune Warriors,6,2,11,17,2.75,64.7,10,0,0,1,0
R Shepherd,,2022,Sunrisers Hyderabad,3,0,58,41,19.33,141.5,26,0,0,2,5
R Shepherd,,2023,Lucknow Super Giants,1,0,0,1,0.0,0.0,0,0,0,0,0
R Shepherd,,2024,Mumbai Indians,5,3,57,21,28.5,271.4,39,0,0,5,5
R Shepherd,,2025,Royal Challengers Bengaluru,3,1,70,24,35.0,291.7,53,0,1,5,7
R Shreyas Gopal,,2014,Mumbai Indians,1,0,11,10,11.0,110.0,11,0,0,1,0
R Shreyas Gopal,,2015,Mumbai Indians,1,1,1,1,1.0,100.0,1,0,0,0,0
R Shreyas Gopal,,2016,Mumbai Indians,1,0,2,16,2.0,12.5,2,0,0,0,0
R Shreyas Gopal,,2018,Rajasthan Royals,4,1,50,45,16.67,111.1,24,0,0,5,0
R Shreyas Gopal,,2019,Rajasthan Royals,7,3,63,46,15.75,137.0,19,0,0,8,1
R Shreyas Gopal,,2020,Rajasthan Royals,5,1,37,39,9.25,94.9,23,0,0,3,0
R Shreyas Gopal,,2021,Rajasthan Royals,2,1,7,5,7.0,140.0,7,0,0,0,1
R Shreyas Gopal,,2022,Sunrisers Hyderabad,1,1,9,7,9.0,128.6,9,0,0,2,0
RA Bawa,,2022,Punjab Kings,2,0,11,14,5.5,78.6,11,0,0,1,0
RA Bawa,,2025,Mumbai Indians,1,1,8,4,8.0,200.0,8,0,0,0,0
RE Levi,,2012,Mumbai Indians,6,0,83,73,13.83,113.7,50,0,1,10,4
RJW Topley,,2024,Royal Challengers Bengaluru,1,1,3,6,3.0,50.0,3,0,0,0,0
RN ten Doeschate,,2011,Kolkata Knight Riders,3,0,107,73,35.67,146.6,70,0,1,9,5
RN ten Doeschate,,2012,Kolkata Knight Riders,3,1,21,21,10.5,100.0,11,0,0,1,1
RN ten Doeschate,,2013,Kolkata Knight Riders,4,1,85,63,28.33,134.9,42,0,0,9,2
RN ten Doeschate,,2014,Kolkata Knight Riders,6,2,52,33,13.0,157.6,25,0,0,3,4
RN ten Doeschate,,2015,Kolkata Knight Riders,5,1,61,45,15.25,135.6,38,0,0,4,3
RR Bhatkal,,2012,Royal Challengers Bengaluru,1,0,0,2,0.0,0.0,0,0,0,0,0
RS Gavaskar,,2010,Kolkata Knight Riders,1,0,2,8,2.0,25.0,2,0,0,0,0
RS Sodhi,,2010,Punjab Kings,1,1,4,2,4.0,200.0,4,0,0,1,0
RV Uthappa,,2008,Mumbai Indians,14,4,320,279,32.0,114.7,48,0,0,34,9
RV Uthappa,,2009,Royal Challengers Bengaluru,13,2,175,170,15.91,102.9,66,0,1,18,3
RV Uthappa,,2010,Royal Challengers Bengaluru,14,2,374,218,31.17,171.6,68,0,3,21,27
RV Uthappa,,2011,Pune Warriors,13,2,264,209,24.0,126.3,45,0,0,27,10
RV Uthappa,,2012,Pune Warriors,16,1,405,343,27.0,118.1,69,0,2,38,10
RV Uthappa,,2013,Pune Warriors,16,0,434,371,27.12,117.0,75,0,2,42,12
RV Uthappa,,2014,Kolkata Knight Riders,16,0,660,479,41.25,137.8,83,0,5,74,18
RV Uthappa,,2015,Kolkata Knight Riders,13,1,364,277,30.33,131.4,80,0,1,42,7
RV Uthappa,,2016,Kolkata Knight Riders,15,0,394,289,26.27,136.3,72,0,3,45,8
RV Uthappa,,2017,Kolkata Knight Riders,13,0,388,235,29.85,165.1,87,0,5,36,21
RV Uthappa,,2018,Kolkata Knight Riders,16,0,351,265,21.94,132.5,54,0,1,30,21
RV Uthappa,,2019,Kolkata Knight Riders,11,2,282,245,31.33,115.1,67,0,1,28,10
RV Uthappa,,2020,Rajasthan Royals,12,0,196,164,16.33,119.5,41,0,0,19,7
RV Uthappa,,2021,Chennai Super Kings,4,0,115,84,28.75,136.9,63,0,1,8,5
RV Uthappa,,2022,Chennai Super Kings,11,0,230,171,20.91,134.5,88,0,2,19,14
Rachin Ravindra,,2024,Chennai Super Kings,10,0,222,138,22.2,160.9,61,0,1,22,12
Rachin Ravindra,,2025,Chennai Super Kings,8,0,191,149,23.88,128.2,65,0,1,18,4
Rahmanullah Gurbaz,,2023,Kolkata Knight Riders,11,0,227,170,20.64,133.5,81,0,2,17,15
Rahmanullah Gurbaz,,2024,Kolkata Knight Riders,2,0,62,46,31.0,134.8,39,0,0,7,4
Rahmanullah Gurbaz,,2025,Kolkata Knight Riders,5,1,74,53,18.5,139.6,35,0,0,10,3
Rahul Dravid,,2008,Royal Challengers Bengaluru,14,1,371,298,28.54,124.5,75,0,2,35,11
Rahul Dravid,,2009,Royal Challengers Bengaluru,12,0,271,234,22.58,115.8,66,0,1,28,3
Rahul Dravid,,2010,Royal Challengers Bengaluru,11,2,256,199,28.44,128.6,52,0,1,34,3
Rahul Dravid,,2011,Rajasthan Royals,12,1,343,314,31.18,109.2,66,0,1,44,2
Rahul Dravid,,2012,Rajasthan Royals,16,0,462,412,28.88,112.1,58,0,2,63,4
Rahul Dravid,,2013,Rajasthan Royals,17,1,471,425,29.44,110.8,65,0,4,64,5
Rahul Shukla,,2013,Rajasthan Royals,1,1,1,2,1.0,50.0,1,0,0,0,0
Rahul Shukla,,2014,Delhi Capitals,3,1,18,21,9.0,85.7,14,0,0,2,0
Raiphi Vincent Gomez,,2011,Kochi Tuskers Kerala,8,2,46,50,7.67,92.0,26,0,0,4,1
Raiphi Vincent Gomez,,2013,Pune Warriors,1,1,4,1,4.0,400.0,4,0,0,1,0
Rajat Bhatia,,2008,Delhi Capitals,3,1,34,28,17.0,121.4,17,0,0,2,2
Rajat Bhatia,,2009,Delhi Capitals,5,0,8,18,1.6,44.4,4,0,0,1,0
Rajat Bhatia,,2010,Delhi Capitals,3,0,24,17,8.0,141.2,21,0,0,1,2
Rajat Bhatia,,2011,Kolkata Knight Riders,6,3,25,22,8.33,113.6,11,0,0,3,0
Rajat Bhatia,,2012,Kolkata Knight Riders,6,3,35,28,11.67,125.0,12,0,0,4,0
Rajat Bhatia,,2013,Kolkata Knight Riders,10,4,99,80,16.5,123.8,26,0,0,8,3
Rajat Bhatia,,2014,Rajasthan Royals,7,2,67,53,13.4,126.4,23,0,0,4,3
Rajat Bhatia,,2015,Rajasthan Royals,1,0,0,1,0.0,0.0,0,0,0,0,0
Rajat Bhatia,,2016,Rising Pune Supergiants,5,4,34,20,34.0,170.0,21,0,0,1,2
Rajat Bhatia,,2017,Rising Pune Supergiant,1,0,16,17,16.0,94.1,16,0,0,0,1
Rajat Patidar,,2021,Royal Challengers Bengaluru,4,0,71,62,17.75,114.5,31,0,0,3,3
Rajat Patidar,,2022,Royal Challengers Bengaluru,7,1,333,218,55.5,152.8,112,1,2,27,18
Rajat Patidar,,2024,Royal Challengers Bengaluru,13,0,395,223,30.38,177.1,55,0,5,21,33
Rajat Patidar,,2025,Royal Challengers Bengaluru,14,1,312,217,24.0,143.8,64,0,2,25,14
Ramandeep Singh,,2022,Mumbai Indians,4,1,45,40,15.0,112.5,14,0,0,3,1
Ramandeep Singh,,2024,Kolkata Knight Riders,9,4,125,62,25.0,201.6,35,0,0,5,12
Ramandeep Singh,,2025,Kolkata Knight Riders,7,2,47,35,9.4,134.3,22,0,0,1,4
Ramesh Powar,,2008,Punjab Kings,1,1,28,21,28.0,133.3,28,0,0,4,1
Ramesh Powar,,2009,Punjab Kings,3,2,23,22,23.0,104.5,10,0,0,2,0
Ramesh Powar,,2010,Punjab Kings,2,1,5,8,5.0,62.5,3,0,0,0,0
Ramesh Powar,,2011,Kochi Tuskers Kerala,3,1,11,13,5.5,84.6,8,0,0,0,0
Ramnaresh Sarwan,,2008,Punjab Kings,4,0,73,75,18.25,97.3,31,0,0,6,1
Rashid Khan,,2017,Sunrisers Hyderabad,3,1,11,9,5.5,122.2,6,0,0,0,1
Rashid Khan,,2018,Sunrisers Hyderabad,7,2,59,31,11.8,190.3,34,0,0,3,6
Rashid Khan,,2019,Sunrisers Hyderabad,7,2,34,23,6.8,147.8,17,0,0,2,2
Rashid Khan,,2020,Sunrisers Hyderabad,6,2,35,30,8.75,116.7,14,0,0,3,2
Rashid Khan,,2021,Sunrisers Hyderabad,10,2,83,69,10.38,120.3,22,0,0,9,2
Rashid Khan,,2022,Gujarat Titans,8,4,91,44,22.75,206.8,40,0,0,3,9
Rashid Khan,,2023,Gujarat Titans,9,5,130,60,32.5,216.7,79,0,1,8,13
Rashid Khan,,2024,Gujarat Titans,8,2,102,71,17.0,143.7,31,0,0,11,3
Rashid Khan,,2025,Gujarat Titans,8,3,40,28,8.0,142.9,12,0,0,2,3
Rasikh Salam,,2019,Mumbai Indians,1,1,5,4,5.0,125.0,5,0,0,0,0
Rasikh Salam,,2022,Kolkata Knight Riders,1,0,7,6,7.0,116.7,7,0,0,1,0
Rasikh Salam,,2024,Delhi Capitals,4,0,28,30,7.0,93.3,10,0,0,4,0
Rassie van der Dussen,,2022,Rajasthan Royals,3,1,22,24,11.0,91.7,12,0,0,2,0
Ravi Ashwin,,2009,Chennai Super Kings,1,0,8,15,8.0,53.3,8,0,0,1,0
Ravi Ashwin,,2010,Chennai Super Kings,6,2,30,40,7.5,75.0,11,0,0,2,0
Ravi Ashwin,,2011,Chennai Super Kings,2,0,2,6,1.0,33.3,2,0,0,0,0
Ravi Ashwin,,2012,Chennai Super Kings,5,2,18,15,6.0,120.0,8,0,0,2,0
Ravi Ashwin,,2013,Chennai Super Kings,5,1,35,49,8.75,71.4,11,0,0,4,0
Ravi Ashwin,,2014,Chennai Super Kings,5,2,45,45,15.0,100.0,14,0,0,4,0
Ravi Ashwin,,2015,Chennai Super Kings,6,3,52,32,17.33,162.5,23,0,0,6,1
Ravi Ashwin,,2016,Rising Pune Supergiants,6,3,41,38,13.67,107.9,29,0,0,3,1
Ravi Ashwin,,2018,Punjab Kings,8,0,102,71,12.75,143.7,45,0,0,7,5
Ravi Ashwin,,2019,Punjab Kings,6,1,42,28,8.4,150.0,17,0,0,3,3
Ravi Ashwin,,2020,Delhi Capitals,5,2,37,34,12.33,108.8,14,0,0,3,1
Ravi Ashwin,,2021,Delhi Capitals,5,2,44,42,14.67,104.8,20,0,0,2,1
Ravi Ashwin,,2022,Rajasthan Royals,12,4,191,135,23.88,141.5,50,0,1,14,9
Ravi Ashwin,,2023,Rajasthan Royals,9,4,67,51,13.4,131.4,30,0,0,5,3
Ravi Ashwin,,2024,Rajasthan Royals,8,2,86,74,14.33,116.2,29,0,0,5,4
Ravi Ashwin,,2025,Chennai Super Kings,4,0,33,30,8.25,110.0,13,0,0,3,1
Ravi Bishnoi,,2020,Punjab Kings,2,1,7,12,7.0,58.3,6,0,0,1,0
Ravi Bishnoi,,2021,Punjab Kings,1,0,1,4,1.0,25.0,1,0,0,0,0
Ravi Bishnoi,,2022,Lucknow Super Giants,1,1,0,1,,0.0,0,0,0,0,0
Ravi Bishnoi,,2023,Lucknow Super Giants,7,4,20,27,6.67,74.1,5,0,0,1,0
Ravi Bishnoi,,2024,Lucknow Super Giants,3,0,4,6,1.33,66.7,2,0,0,0,0
Ravi Bishnoi,,2025,Lucknow Super Giants,2,0,13,16,6.5,81.2,13,0,0,0,2
Ravi Bopara,,2009,Punjab Kings,5,0,138,119,27.6,116.0,84,0,1,8,7
Ravi Bopara,,2010,Punjab Kings,9,0,248,214,27.56,115.9,77,0,2,25,3
Ravi Bopara,,2015,Sunrisers Hyderabad,8,3,145,120,29.0,120.8,41,0,0,6,6
Ravi Rampaul,,2013,Royal Challengers Bengaluru,6,2,38,37,9.5,102.7,23,0,0,3,1
Ravi Rampaul,,2014,Royal Challengers Bengaluru,1,0,13,13,13.0,100.0,13,0,0,0,1
Ravindra Jadeja,,2008,Rajasthan Royals,9,2,135,103,19.29,131.1,36,0,0,11,6
Ravindra Jadeja,,2009,Rajasthan Royals,13,1,295,266,24.58,110.9,42,0,0,21,6
Ravindra Jadeja,,2011,Kochi Tuskers Kerala,12,3,283,228,31.44,124.1,47,0,0,20,14
Ravindra Jadeja,,2012,Chennai Super Kings,14,2,191,151,15.92,126.5,48,0,0,13,9
Ravindra Jadeja,,2013,Chennai Super Kings,14,5,201,135,22.33,148.9,38,0,0,17,6
Ravindra Jadeja,,2014,Chennai Super Kings,10,5,146,110,29.2,132.7,36,0,0,9,5
Ravindra Jadeja,,2015,Chennai Super Kings,11,4,132,126,18.86,104.8,24,0,0,7,3
Ravindra Jadeja,,2016,Gujarat Titans,15,4,191,177,17.36,107.9,36,0,0,14,4
Ravindra Jadeja,,2017,Gujarat Titans,10,6,158,113,39.5,139.8,28,0,0,13,4
Ravindra Jadeja,,2018,Chennai Super Kings,8,3,89,74,17.8,120.3,27,0,0,3,4
Ravindra Jadeja,,2019,Chennai Super Kings,9,5,106,88,26.5,120.5,31,0,0,7,4
Ravindra Jadeja,,2020,Chennai Super Kings,11,5,232,135,38.67,171.9,50,0,1,22,11
Ravindra Jadeja,,2021,Chennai Super Kings,11,7,227,156,56.75,145.5,62,0,1,19,9
Ravindra Jadeja,,2022,Chennai Super Kings,10,2,116,98,14.5,118.4,26,0,0,6,5
Ravindra Jadeja,,2023,Chennai Super Kings,12,4,190,133,23.75,142.9,25,0,0,11,9
Ravindra Jadeja,,2024,Chennai Super Kings,11,6,267,187,53.4,142.8,57,0,1,22,8
Ravindra Jadeja,,2025,Chennai Super Kings,14,5,301,222,33.44,135.6,77,0,2,25,10
Richard Gleeson,,2024,Chennai Super Kings,1,1,2,2,2.0,100.0,2,0,0,0,0
Ricky Bhui,,2018,Sunrisers Hyderabad,1,0,0,5,0.0,0.0,0,0,0,0,0
Ricky Bhui,,2019,Sunrisers Hyderabad,1,0,7,12,7.0,58.3,7,0,0,0,0
Ricky Bhui,,2024,Delhi Capitals,2,0,3,9,1.5,33.3,3,0,0,0,0
Ricky Ponting,,2008,Kolkata Knight Riders,4,0,39,53,9.75,73.6,20,0,0,2,1
Ricky Ponting,,2013,Mumbai Indians,5,0,52,75,10.4,69.3,28,0,0,3,1
Rilee Rossouw,,2014,Royal Challengers Bengaluru,3,0,39,41,13.0,95.1,24,0,0,2,2
Rilee Rossouw,,2015,Royal Challengers Bengaluru,2,0,14,10,7.0,140.0,14,0,0,1,1
Rilee Rossouw,,2023,Delhi Capitals,9,2,209,141,29.86,148.2,82,0,1,17,11
Rilee Rossouw,,2024,Punjab Kings,8,0,211,116,26.38,181.9,61,0,1,25,11
Riley Meredith,,2022,Mumbai Indians,1,0,0,1,0.0,0.0,0,0,0,0,0
Riley Meredith,,2023,Mumbai Indians,1,1,0,2,,0.0,0,0,0,0,0
Rinku Singh,,2018,Kolkata Knight Riders,4,0,29,31,7.25,93.5,16,0,0,4,0
Rinku Singh,,2019,Kolkata Knight Riders,3,1,37,34,18.5,108.8,30,0,0,1,2
Rinku Singh,,2020,Kolkata Knight Riders,1,0,11,11,11.0,100.0,11,0,0,1,0
Rinku Singh,,2022,Kolkata Knight Riders,7,2,174,117,34.8,148.7,42,0,0,17,7
Rinku Singh,,2023,Kolkata Knight Riders,14,4,474,317,47.4,149.5,67,0,4,31,29
Rinku Singh,,2024,Kolkata Knight Riders,11,2,168,113,18.67,148.7,26,0,0,13,8
Rinku Singh,,2025,Kolkata Knight Riders,11,3,206,134,25.75,153.7,38,0,0,20,10
Ripal Patel,,2021,Delhi Capitals,2,1,25,27,25.0,92.6,18,0,0,3,0
Ripal Patel,,2022,Delhi Capitals,1,0,6,3,6.0,200.0,6,0,0,0,1
Ripal Patel,,2023,Delhi Capitals,4,1,49,43,16.33,114.0,23,0,0,3,1
Rishabh Pant,,2016,Delhi Capitals,10,2,198,152,24.75,130.3,69,0,1,19,6
Rishabh Pant,,2017,Delhi Capitals,14,0,366,221,26.14,165.6,97,0,2,28,24
Rishabh Pant,,2018,Delhi Capitals,14,0,684,394,48.86,173.6,128,1,5,68,37
Rishabh Pant,,2019,Delhi Capitals,16,3,488,300,37.54,162.7,78,0,3,37,27
Rishabh Pant,,2020,Delhi Capitals,14,3,343,301,31.18,114.0,56,0,1,31,9
Rishabh Pant,,2021,Delhi Capitals,16,4,419,326,34.92,128.5,58,0,3,42,10
Rishabh Pant,,2022,Delhi Capitals,13,2,340,224,30.91,151.8,44,0,0,35,16
Rishabh Pant,,2024,Delhi Capitals,13,2,446,287,40.55,155.4,88,0,3,36,25
Rishabh Pant,,2025,Lucknow Super Giants,13,2,269,202,24.45,133.2,118,1,1,23,16
Riyan Parag,,2019,Rajasthan Royals,5,0,160,126,32.0,127.0,50,0,1,17,5
Riyan Parag,,2020,Rajasthan Royals,8,1,86,77,12.29,111.7,42,0,0,6,3
Riyan Parag,,2021,Rajasthan Royals,10,2,93,83,11.62,112.0,25,0,0,6,4
Riyan Parag,,2022,Rajasthan Royals,14,2,183,132,15.25,138.6,56,0,1,11,10
Riyan Parag,,2023,Rajasthan Royals,7,1,78,66,13.0,118.2,20,0,0,4,5
Riyan Parag,,2024,Rajasthan Royals,14,3,573,384,52.09,149.2,84,0,4,40,33
Riyan Parag,,2025,Rajasthan Royals,14,2,393,236,32.75,166.5,95,0,1,27,27
Rob Quiney,,2009,Rajasthan Royals,7,0,103,102,14.71,101.0,51,0,1,12,3
Robin Peterson,,2012,Mumbai Indians,5,2,32,30,10.67,106.7,16,0,0,3,1
Roelof van der Merwe,,2009,Royal Challengers Bengaluru,8,0,122,98,15.25,124.5,35,0,0,8,8
Roelof van der Merwe,,2010,Royal Challengers Bengaluru,1,0,1,2,1.0,50.0,1,0,0,0,0
Roelof van der Merwe,,2011,Delhi Capitals,4,3,14,16,14.0,87.5,8,0,0,1,0
Roelof van der Merwe,,2013,Delhi Capitals,2,0,22,25,11.0,88.0,14,0,0,2,0
Rohan Raje,,2008,Mumbai Indians,3,3,8,9,8.0,88.9,6,0,0,1,0
Rohan Raje,,2009,Mumbai Indians,2,1,12,9,12.0,133.3,11,0,0,0,1
Rohit Sharma,,2008,Sunrisers Hyderabad,12,0,404,273,33.67,148.0,76,0,4,38,19
Rohit Sharma,,2009,Sunrisers Hyderabad,16,2,362,315,25.86,114.9,52,0,1,22,18
Rohit Sharma,,2010,Sunrisers Hyderabad,16,1,404,302,26.93,133.8,73,0,3,36,14
Rohit Sharma,,2011,Mumbai Indians,13,3,372,297,37.2,125.3,87,0,3,32,13
Rohit Sharma,,2012,Mumbai Indians,16,2,433,342,30.93,126.6,109,1,3,39,18
Rohit Sharma,,2013,Mumbai Indians,19,5,538,409,38.43,131.5,79,0,4,35,28
Rohit Sharma,,2014,Mumbai Indians,15,1,390,302,27.86,129.1,59,0,3,31,16
Rohit Sharma,,2015,Mumbai Indians,16,2,482,333,34.43,144.7,98,0,3,41,21
Rohit Sharma,,2016,Mumbai Indians,14,2,489,368,40.75,132.9,85,0,5,49,16
Rohit Sharma,,2017,Mumbai Indians,16,2,333,273,23.79,122.0,67,0,3,31,9
Rohit Sharma,,2018,Mumbai Indians,14,2,286,215,23.83,133.0,94,0,2,25,12
Rohit Sharma,,2019,Mumbai Indians,15,1,405,315,28.93,128.6,67,0,2,52,10
Rohit Sharma,,2020,Mumbai Indians,12,0,332,260,27.67,127.7,80,0,3,27,19
Rohit Sharma,,2021,Mumbai Indians,13,0,381,299,29.31,127.4,63,0,1,33,14
Rohit Sharma,,2022,Mumbai Indians,14,0,268,223,19.14,120.2,48,0,0,28,13
Rohit Sharma,,2023,Mumbai Indians,16,0,332,250,20.75,132.8,65,0,2,35,17
Rohit Sharma,,2024,Mumbai Indians,14,1,417,278,32.08,150.0,105,1,1,45,23
Rohit Sharma,,2025,Mumbai Indians,15,1,418,280,29.86,149.3,81,0,4,41,22
Ronit More,,2015,Chennai Super Kings,1,1,2,2,2.0,100.0,2,0,0,0,0
Ross Taylor,,2008,Royal Challengers Bengaluru,4,0,149,81,37.25,184.0,53,0,1,13,10
Ross Taylor,,2009,Royal Challengers Bengaluru,11,2,280,208,31.11,134.6,81,0,1,20,15
Ross Taylor,,2010,Royal Challengers Bengaluru,7,2,88,75,17.6,117.3,31,0,0,2,6
Ross Taylor,,2011,Rajasthan Royals,11,6,181,152,36.2,119.1,47,0,0,11,7
Ross Taylor,,2012,Delhi Capitals,12,2,197,171,19.7,115.2,55,0,1,12,7
Ross Taylor,,2013,Pune Warriors,5,0,63,76,12.6,82.9,19,0,0,2,1
Ross Taylor,,2014,Delhi Capitals,4,1,59,59,19.67,100.0,43,0,0,6,0
Ryan Harris,,2009,Sunrisers Hyderabad,5,4,21,18,21.0,116.7,9,0,0,0,0
Ryan Harris,,2010,Sunrisers Hyderabad,5,1,45,39,11.25,115.4,15,0,0,2,2
Ryan Harris,,2011,Punjab Kings,7,2,31,39,6.2,79.5,17,0,0,3,0
Ryan Harris,,2012,Punjab Kings,2,1,18,11,18.0,163.6,15,0,0,1,1
Ryan Harris,,2013,Punjab Kings,2,0,2,5,1.0,40.0,2,0,0,0,0
Ryan McLaren,,2010,Mumbai Indians,7,3,66,69,16.5,95.7,40,0,0,7,0
Ryan McLaren,,2011,Punjab Kings,4,1,90,96,30.0,93.8,51,0,1,7,1
Ryan McLaren,,2013,Kolkata Knight Riders,2,0,3,6,1.5,50.0,2,0,0,0,0
Ryan Rickelton,,2025,Mumbai Indians,14,1,388,257,29.85,151.0,62,0,3,47,17
S Anirudha,,2008,Chennai Super Kings,1,0,1,7,1.0,14.3,1,0,0,0,0
S Anirudha,,2010,Chennai Super Kings,2,1,30,18,30.0,166.7,24,0,0,2,2
S Anirudha,,2011,Chennai Super Kings,5,1,83,74,20.75,112.2,64,0,1,6,3
S Anirudha,,2012,Chennai Super Kings,2,2,19,7,19.0,271.4,18,0,0,1,2
S Anirudha,,2013,Chennai Super Kings,1,0,0,2,0.0,0.0,0,0,0,0,0
S Anirudha,,2014,Sunrisers Hyderabad,1,0,3,5,3.0,60.0,3,0,0,0,0
S Badree,,2017,Royal Challengers Bengaluru,5,0,13,23,2.6,56.5,8,0,0,0,0
S D Lad,,2019,Mumbai Indians,1,0,15,13,15.0,115.4,15,0,0,1,1
S K K Ahmed,,2019,Sunrisers Hyderabad,1,0,0,1,0.0,0.0,0,0,0,0,0
S K K Ahmed,,2020,Sunrisers Hyderabad,1,0,0,2,0.0,0.0,0,0,0,0,0
S K K Ahmed,,2021,Sunrisers Hyderabad,1,0,1,2,1.0,50.0,1,0,0,0,0
S K K Ahmed,,2022,Delhi Capitals,2,0,0,2,0.0,0.0,0,0,0,0,0
S K K Ahmed,,2025,Chennai Super Kings,1,1,1,2,1.0,50.0,1,0,0,0,0
S Kaushik,,2016,Gujarat Titans,1,0,0,1,0.0,0.0,0,0,0,0,0
S N Khan,,2015,Royal Challengers Bengaluru,7,2,111,71,22.2,156.3,45,0,0,12,2
S N Khan,,2016,Royal Challengers Bengaluru,4,2,66,31,33.0,212.9,35,0,0,7,4
S N Khan,,2018,Royal Challengers Bengaluru,6,1,51,41,10.2,124.4,22,0,0,7,1
S N Khan,,2019,Punjab Kings,5,1,180,143,45.0,125.9,67,0,1,19,4
S N Khan,,2020,Punjab Kings,3,1,33,29,16.5,113.8,14,0,0,5,0
S N Khan,,2021,Punjab Kings,2,0,0,4,0.0,0.0,0,0,0,0,0
S N Khan,,2022,Delhi Capitals,5,2,91,67,30.33,135.8,36,0,0,9,2
S N Khan,,2023,Delhi Capitals,4,0,53,62,13.25,85.5,30,0,0,4,1
S Narwal,,2010,Rajasthan Royals,3,0,14,12,4.67,116.7,12,0,0,2,0
S Narwal,,2013,Kolkata Knight Riders,1,0,23,15,23.0,153.3,23,0,0,4,0
S Rana,,2011,Pune Warriors,1,0,18,16,18.0,112.5,18,0,0,2,0
S Rana,,2014,Royal Challengers Bengaluru,7,3,73,65,18.25,112.3,19,0,0,7,1
S Sohal,,2008,Punjab Kings,2,0,4,8,2.0,50.0,4,0,0,0,0
S Sohal,,2009,Punjab Kings,8,0,115,93,14.38,123.7,43,0,0,9,8
S Sohal,,2011,Sunrisers Hyderabad,10,0,249,191,24.9,130.4,62,0,2,25,10
S Sreesanth,,2008,Punjab Kings,2,1,0,3,0.0,0.0,0,0,0,0,0
S Sreesanth,,2009,Punjab Kings,2,2,5,18,5.0,27.8,4,0,0,1,0
S Sreesanth,,2010,Punjab Kings,3,3,27,21,27.0,128.6,15,0,0,5,0
S Sreesanth,,2011,Kochi Tuskers Kerala,3,1,1,9,0.5,11.1,1,0,0,0,0
S Sreesanth,,2013,Rajasthan Royals,2,1,1,4,1.0,25.0,1,0,0,0,0
S Sriram,,2010,Royal Challengers Bengaluru,1,0,27,29,27.0,93.1,27,0,0,3,0
S Sriram,,2011,Delhi Capitals,1,0,4,7,4.0,57.1,4,0,0,0,0
S Tyagi,,2010,Chennai Super Kings,1,1,3,4,3.0,75.0,3,0,0,0,0
S Vidyut,,2008,Chennai Super Kings,8,0,145,109,18.12,133.0,54,0,1,21,3
SA Yadav,,2012,Mumbai Indians,1,0,0,4,0.0,0.0,0,0,0,0,0
SA Yadav,,2014,Kolkata Knight Riders,10,5,164,117,32.8,140.2,34,0,0,16,5
SA Yadav,,2015,Kolkata Knight Riders,13,3,157,113,15.7,138.9,46,0,0,12,8
SA Yadav,,2016,Kolkata Knight Riders,11,4,182,143,26.0,127.3,60,0,1,18,5
SA Yadav,,2017,Kolkata Knight Riders,7,0,105,88,15.0,119.3,31,0,0,8,3
SA Yadav,,2018,Mumbai Indians,14,0,512,384,36.57,133.3,72,0,4,61,16
SA Yadav,,2019,Mumbai Indians,15,2,424,324,32.62,130.9,71,0,2,45,10
SA Yadav,,2020,Mumbai Indians,15,3,480,331,40.0,145.0,79,0,4,61,11
SA Yadav,,2021,Mumbai Indians,14,0,317,221,22.64,143.4,82,0,2,40,10
SA Yadav,,2022,Mumbai Indians,8,0,303,208,37.88,145.7,68,0,3,23,16
SA Yadav,,2023,Mumbai Indians,16,2,605,334,43.21,181.1,103,1,5,65,28
SA Yadav,,2024,Mumbai Indians,11,1,345,206,34.5,167.5,102,1,3,36,18
SA Yadav,,2025,Mumbai Indians,16,5,717,427,65.18,167.9,73,0,5,69,38
SH Johnson,,2024,Gujarat Titans,3,3,6,7,6.0,85.7,5,0,0,1,0
SH Johnson,,2025,Kolkata Knight Riders,2,2,2,4,2.0,50.0,1,0,0,0,0
SJ Srivastava,,2010,Punjab Kings,2,0,1,2,0.5,50.0,1,0,0,0,0
SJ Srivastava,,2011,Punjab Kings,2,2,4,3,4.0,133.3,3,0,0,0,0
SK Rasheed,,2025,Chennai Super Kings,5,0,71,63,14.2,112.7,27,0,0,9,2
SK Trivedi,,2008,Rajasthan Royals,3,2,5,12,5.0,41.7,3,0,0,0,0
SK Trivedi,,2009,Rajasthan Royals,3,1,9,18,4.5,50.0,6,0,0,0,0
SK Trivedi,,2010,Rajasthan Royals,4,1,20,14,6.67,142.9,9,0,0,3,1
SK Trivedi,,2011,Rajasthan Royals,1,0,0,2,0.0,0.0,0,0,0,0,0
SK Trivedi,,2012,Rajasthan Royals,1,1,5,6,5.0,83.3,5,0,0,0,0
SK Trivedi,,2013,Rajasthan Royals,2,1,3,7,3.0,42.9,3,0,0,0,0
SM Harwood,,2009,Rajasthan Royals,2,2,9,14,9.0,64.3,6,0,0,0,0
SS Shaikh,,2009,Kolkata Knight Riders,1,0,6,7,6.0,85.7,6,0,0,1,0
Sachin Baby,,2013,Rajasthan Royals,1,0,3,7,3.0,42.9,3,0,0,0,0
Sachin Baby,,2016,Royal Challengers Bengaluru,6,1,119,79,23.8,150.6,33,0,0,9,5
Sachin Baby,,2017,Royal Challengers Bengaluru,3,0,15,15,5.0,100.0,12,0,0,2,0
Sachin Baby,,2021,Royal Challengers Bengaluru,1,0,7,17,7.0,41.2,7,0,0,0,0
Sachin Tendulkar,,2008,Mumbai Indians,7,1,188,177,31.33,106.2,65,0,1,26,2
Sachin Tendulkar,,2009,Mumbai Indians,13,1,364,303,30.33,120.1,68,0,2,39,10
Sachin Tendulkar,,2010,Mumbai Indians,15,2,618,466,47.54,132.6,89,0,5,86,3
Sachin Tendulkar,,2011,Mumbai Indians,16,1,553,488,36.87,113.3,100,1,2,67,5
Sachin Tendulkar,,2012,Mumbai Indians,13,2,324,283,29.45,114.5,74,0,2,39,4
Sachin Tendulkar,,2013,Mumbai Indians,14,1,287,231,22.08,124.2,54,0,1,38,5
Sachithra Senanayake,,2013,Kolkata Knight Riders,4,3,10,17,10.0,58.8,7,0,0,0,0
Salman Butt,,2008,Kolkata Knight Riders,7,0,193,161,27.57,119.9,73,0,1,30,2
Sam Billings,,2016,Delhi Capitals,4,0,88,64,22.0,137.5,54,0,1,4,4
Sam Billings,,2017,Delhi Capitals,6,0,138,104,23.0,132.7,55,0,1,19,1
Sam Billings,,2018,Chennai Super Kings,8,0,108,78,13.5,138.5,56,0,1,8,5
Sam Billings,,2019,Chennai Super Kings,1,0,0,4,0.0,0.0,0,0,0,0,0
Sam Billings,,2022,Kolkata Knight Riders,8,1,169,138,24.14,122.5,36,0,0,9,10
Sam Curran,,2019,Punjab Kings,8,4,95,55,23.75,172.7,55,0,1,13,3
Sam Curran,,2020,Chennai Super Kings,11,3,186,141,23.25,131.9,52,0,1,12,12
Sam Curran,,2021,Chennai Super Kings,4,1,56,29,18.67,193.1,34,0,0,5,3
Sam Curran,,2023,Punjab Kings,13,3,276,203,27.6,136.0,55,0,1,20,13
Sam Curran,,2024,Punjab Kings,12,2,270,219,27.0,123.3,63,0,2,24,6
Sam Curran,,2025,Chennai Super Kings,5,0,114,84,22.8,135.7,88,0,1,11,4
Sameer Rizvi,,2024,Chennai Super Kings,5,1,51,43,12.75,118.6,21,0,0,4,2
Sameer Rizvi,,2025,Delhi Capitals,4,1,121,79,40.33,153.2,58,0,1,11,7
Sanath Jayasuriya,,2008,Mumbai Indians,14,2,514,309,42.83,166.3,114,1,2,57,31
Sanath Jayasuriya,,2009,Mumbai Indians,12,0,221,192,18.42,115.1,52,0,2,23,7
Sanath Jayasuriya,,2010,Mumbai Indians,4,0,33,31,8.25,106.5,23,0,0,4,1
Sandeep Lamichhane,,2019,Delhi Capitals,1,0,0,1,0.0,0.0,0,0,0,0,0
Sandeep Sharma,,2013,Punjab Kings,1,1,0,1,,0.0,0,0,0,0,0
Sandeep Sharma,,2014,Punjab Kings,1,1,2,5,2.0,40.0,2,0,0,0,0
Sandeep Sharma,,2015,Punjab Kings,3,2,9,14,9.0,64.3,7,0,0,1,0
Sandeep Sharma,,2016,Punjab Kings,4,4,8,9,8.0,88.9,5,0,0,0,0
Sandeep Sharma,,2017,Punjab Kings,2,2,7,6,7.0,116.7,5,0,0,0,0
Sandeep Sharma,,2018,Sunrisers Hyderabad,3,1,0,4,0.0,0.0,0,0,0,0,0
Sandeep Sharma,,2019,Sunrisers Hyderabad,2,2,6,3,6.0,200.0,5,0,0,1,0
Sandeep Sharma,,2020,Sunrisers Hyderabad,5,3,12,15,6.0,80.0,9,0,0,1,0
Sandeep Sharma,,2021,Sunrisers Hyderabad,2,1,8,7,8.0,114.3,8,0,0,1,0
Sandeep Sharma,,2023,Rajasthan Royals,2,1,2,6,2.0,33.3,2,0,0,0,0
Sandeep Sharma,,2025,Rajasthan Royals,1,1,6,5,6.0,120.0,6,0,0,0,0
Sanjay Bangar,,2008,Sunrisers Hyderabad,6,1,47,49,9.4,95.9,17,0,0,1,3
Sanjay Bangar,,2009,Kolkata Knight Riders,1,0,2,9,2.0,22.2,2,0,0,0,0
Sanju Samson,,2013,Rajasthan Royals,10,2,206,178,25.75,115.7,63,0,1,19,5
Sanju Samson,,2014,Rajasthan Royals,13,0,339,273,26.08,124.2,74,0,2,25,17
Sanju Samson,,2015,Rajasthan Royals,11,1,204,163,20.4,125.2,76,0,1,16,8
Sanju Samson,,2016,Delhi Capitals,14,3,291,259,26.45,112.4,60,0,1,20,8
Sanju Samson,,2017,Delhi Capitals,14,0,386,273,27.57,141.4,102,1,2,32,19
Sanju Samson,,2018,Rajasthan Royals,15,1,441,320,31.5,137.8,92,0,3,30,19
Sanju Samson,,2019,Rajasthan Royals,11,2,342,230,38.0,148.7,102,1,0,28,13
Sanju Samson,,2020,Rajasthan Royals,14,1,375,236,28.85,158.9,85,0,3,21,26
Sanju Samson,,2021,Rajasthan Royals,14,2,484,354,40.33,136.7,119,1,2,45,17
Sanju Samson,,2022,Rajasthan Royals,17,1,458,312,28.62,146.8,55,0,2,43,26
Sanju Samson,,2023,Rajasthan Royals,14,2,362,236,30.17,153.4,66,0,3,25,24
Sanju Samson,,2024,Rajasthan Royals,15,4,531,346,48.27,153.5,86,0,5,48,24
Sanju Samson,,2025,Rajasthan Royals,9,1,285,203,35.62,140.4,66,0,1,27,13
Sanvir Singh,,2023,Sunrisers Hyderabad,2,1,11,9,11.0,122.2,7,0,0,1,1
Sanvir Singh,,2024,Sunrisers Hyderabad,3,2,14,12,14.0,116.7,8,0,0,1,0
Sarbjeet Ladda,,2010,Delhi Capitals,2,0,0,9,0.0,0.0,0,0,0,0,0
Saurabh Tiwary,,2008,Mumbai Indians,2,0,26,20,13.0,130.0,17,0,0,3,1
Saurabh Tiwary,,2009,Mumbai Indians,3,2,13,12,13.0,108.3,6,0,0,0,0
Saurabh Tiwary,,2010,Mumbai Indians,15,1,419,309,29.93,135.6,61,0,3,29,18
Saurabh Tiwary,,2011,Royal Challengers Bengaluru,13,5,187,188,23.38,99.5,42,0,0,13,5
Saurabh Tiwary,,2012,Royal Challengers Bengaluru,11,2,191,170,21.22,112.4,36,0,0,9,8
Saurabh Tiwary,,2013,Royal Challengers Bengaluru,6,1,109,106,21.8,102.8,52,0,1,4,4
Saurabh Tiwary,,2015,Delhi Capitals,6,6,109,78,109.0,139.7,28,0,0,9,5
Saurabh Tiwary,,2016,Rising Pune Supergiants,7,0,170,141,24.29,120.6,57,0,2,17,4
Saurabh Tiwary,,2017,Mumbai Indians,1,0,52,43,52.0,120.9,52,0,1,9,0
Saurabh Tiwary,,2020,Mumbai Indians,5,0,103,80,20.6,128.8,42,0,0,8,3
Saurabh Tiwary,,2021,Mumbai Indians,4,1,115,97,38.33,118.6,50,0,1,10,2
Saurav Chauhan,,2024,Royal Challengers Bengaluru,3,0,18,15,6.0,120.0,9,0,0,1,1
Scott Styris,,2008,Sunrisers Hyderabad,8,2,112,123,18.67,91.1,36,0,0,9,2
Scott Styris,,2009,Sunrisers Hyderabad,1,0,14,8,14.0,175.0,14,0,0,0,1
Scott Styris,,2011,Chennai Super Kings,1,1,5,2,5.0,250.0,5,0,0,1,0
Sean Abbott,,2015,Royal Challengers Bengaluru,2,0,15,13,7.5,115.4,14,0,0,1,1
Sean Abbott,,2022,Sunrisers Hyderabad,1,0,7,5,7.0,140.0,7,0,0,0,1
Sediqullah Atal,,2025,Delhi Capitals,1,0,22,16,22.0,137.5,22,0,0,0,2
Shadab Jakati,,2009,Chennai Super Kings,2,0,20,15,10.0,133.3,13,0,0,3,0
Shadab Jakati,,2012,Chennai Super Kings,2,2,7,12,7.0,58.3,6,0,0,0,0
Shadab Jakati,,2016,Gujarat Titans,1,0,1,2,1.0,50.0,1,0,0,0,0
Shahbaz Ahmed,,2020,Royal Challengers Bengaluru,1,1,1,1,1.0,100.0,1,0,0,0,0
Shahbaz Ahmed,,2021,Royal Challengers Bengaluru,7,0,59,53,8.43,111.3,14,0,0,4,2
Shahbaz Ahmed,,2022,Royal Challengers Bengaluru,11,3,219,181,27.38,121.0,45,0,0,14,9
Shahbaz Ahmed,,2023,Royal Challengers Bengaluru,6,2,42,39,10.5,107.7,20,0,0,3,1
Shahbaz Ahmed,,2024,Sunrisers Hyderabad,12,2,215,166,21.5,129.5,59,0,1,7,13
Shahbaz Ahmed,,2025,Lucknow Super Giants,1,0,9,8,9.0,112.5,9,0,0,1,0
Shahbaz Nadeem,,2011,Delhi Capitals,1,0,0,1,0.0,0.0,0,0,0,0,0
Shahbaz Nadeem,,2012,Delhi Capitals,1,0,0,2,0.0,0.0,0,0,0,0,0
Shahbaz Nadeem,,2013,Delhi Capitals,6,1,14,27,2.8,51.9,6,0,0,1,0
Shahbaz Nadeem,,2014,Delhi Capitals,3,1,7,19,3.5,36.8,3,0,0,0,0
Shahbaz Nadeem,,2015,Delhi Capitals,1,0,2,7,2.0,28.6,2,0,0,0,0
Shahbaz Nadeem,,2016,Delhi Capitals,1,0,1,5,1.0,20.0,1,0,0,0,0
Shahbaz Nadeem,,2017,Delhi Capitals,3,0,2,9,0.67,22.2,2,0,0,0,0
Shahbaz Nadeem,,2018,Delhi Capitals,1,1,6,8,6.0,75.0,6,0,0,0,0
Shahbaz Nadeem,,2020,Sunrisers Hyderabad,2,1,7,8,7.0,87.5,5,0,0,1,0
Shahbaz Nadeem,,2021,Sunrisers Hyderabad,1,0,0,1,0.0,0.0,0,0,0,0,0
Shahid Afridi,,2008,Sunrisers Hyderabad,9,1,81,46,10.12,176.1,33,0,0,7,6
Shai Hope,,2024,Delhi Capitals,9,1,183,122,22.88,150.0,41,0,0,12,12
Shakib Al Hasan,,2011,Kolkata Knight Riders,3,0,29,22,9.67,131.8,26,0,0,4,0
Shakib Al Hasan,,2012,Kolkata Knight Riders,7,1,91,74,15.17,123.0,42,0,0,6,3
Shakib Al Hasan,,2014,Kolkata Knight Riders,11,3,227,152,28.38,149.3,60,0,1,22,7
Shakib Al Hasan,,2015,Kolkata Knight Riders,3,0,36,27,12.0,133.3,23,0,0,5,0
Shakib Al Hasan,,2016,Kolkata Knight Riders,7,2,114,106,22.8,107.5,66,0,1,7,5
Shakib Al Hasan,,2017,Kolkata Knight Riders,1,1,1,1,1.0,100.0,1,0,0,0,0
Shakib Al Hasan,,2018,Sunrisers Hyderabad,13,2,239,197,21.73,121.3,35,0,0,26,5
Shakib Al Hasan,,2019,Sunrisers Hyderabad,1,0,9,10,9.0,90.0,9,0,0,0,0
Shakib Al Hasan,,2021,Kolkata Knight Riders,6,1,47,48,9.4,97.9,26,0,0,3,1
Shams Mulani,,2024,Mumbai Indians,1,1,1,1,1.0,100.0,1,0,0,0,0
Shane Bond,,2010,Kolkata Knight Riders,1,0,1,2,1.0,50.0,1,0,0,0,0
Shane Warne,,2008,Rajasthan Royals,7,0,70,59,10.0,118.6,22,0,0,7,2
Shane Warne,,2009,Rajasthan Royals,10,3,108,116,15.43,93.1,34,0,0,6,4
Shane Warne,,2010,Rajasthan Royals,6,1,10,19,2.0,52.6,4,0,0,0,0
Shane Warne,,2011,Rajasthan Royals,4,2,10,20,5.0,50.0,5,0,0,1,0
Shane Watson,,2008,Rajasthan Royals,15,5,472,311,47.2,151.8,76,0,4,47,19
Shane Watson,,2010,Rajasthan Royals,5,0,185,114,37.0,162.3,60,0,2,18,9
Shane Watson,,2011,Rajasthan Royals,11,1,330,253,33.0,130.4,89,0,1,31,17
Shane Watson,,2012,Rajasthan Royals,7,1,255,168,42.5,151.8,90,0,2,26,14
Shane Watson,,2013,Rajasthan Royals,16,2,543,380,38.79,142.9,101,1,2,59,22
Shane Watson,,2014,Rajasthan Royals,13,1,240,196,20.0,122.4,51,0,2,19,14
Shane Watson,,2015,Rajasthan Royals,9,0,347,257,38.56,135.0,104,1,1,37,14
Shane Watson,,2016,Royal Challengers Bengaluru,15,2,179,134,13.77,133.6,36,0,0,14,12
Shane Watson,,2017,Royal Challengers Bengaluru,7,1,71,78,11.83,91.0,24,0,0,6,1
Shane Watson,,2018,Chennai Super Kings,15,1,555,359,39.64,154.6,117,2,2,44,35
Shane Watson,,2019,Chennai Super Kings,17,0,398,312,23.41,127.6,96,0,3,42,20
Shane Watson,,2020,Chennai Super Kings,11,1,299,247,29.9,121.1,83,0,2,33,13
Shardul Thakur,,2015,Punjab Kings,1,1,7,6,7.0,116.7,7,0,0,1,0
Shardul Thakur,,2017,Rising Pune Supergiant,3,0,0,3,0.0,0.0,0,0,0,0,0
Shardul Thakur,,2018,Chennai Super Kings,1,1,15,5,15.0,300.0,15,0,0,3,0
Shardul Thakur,,2019,Chennai Super Kings,2,1,14,7,14.0,200.0,12,0,0,1,1
Shardul Thakur,,2020,Chennai Super Kings,2,1,12,21,12.0,57.1,11,0,0,0,0
Shardul Thakur,,2021,Chennai Super Kings,4,2,5,5,2.5,100.0,3,0,0,0,0
Shardul Thakur,,2022,Delhi Capitals,10,2,120,87,15.0,137.9,29,0,0,7,7
Shardul Thakur,,2023,Kolkata Knight Riders,9,1,113,70,14.12,161.4,68,0,1,13,4
Shardul Thakur,,2024,Chennai Super Kings,3,2,21,17,21.0,123.5,17,0,0,2,1
Shardul Thakur,,2025,Lucknow Super Giants,5,2,18,12,6.0,150.0,6,0,0,3,0
Shashank Singh,,2022,Sunrisers Hyderabad,5,0,69,47,13.8,146.8,25,0,0,5,4
Shashank Singh,,2024,Punjab Kings,14,6,354,215,44.25,164.7,68,0,2,28,21
Shashank Singh,,2025,Punjab Kings,14,7,350,228,50.0,153.5,61,0,3,23,18
Shaun Marsh,,2008,Punjab Kings,11,1,616,441,61.6,139.7,115,1,5,59,26
Shaun Marsh,,2010,Punjab Kings,4,1,147,114,49.0,128.9,88,0,2,14,6
Shaun Marsh,,2011,Punjab Kings,13,1,504,344,42.0,146.5,95,0,4,52,20
Shaun Marsh,,2012,Punjab Kings,13,2,336,280,30.55,120.0,68,0,2,39,7
Shaun Marsh,,2013,Punjab Kings,8,0,300,249,37.5,120.5,77,0,3,39,4
Shaun Marsh,,2014,Punjab Kings,2,0,70,52,35.0,134.6,40,0,0,7,3
Shaun Marsh,,2015,Punjab Kings,4,0,81,58,20.25,139.7,65,0,1,7,3
Shaun Marsh,,2016,Punjab Kings,6,0,159,134,26.5,118.7,56,0,1,13,4
Shaun Marsh,,2017,Punjab Kings,8,0,264,194,33.0,136.1,84,0,2,36,5
Shaun Pollock,,2008,Mumbai Indians,8,0,147,111,18.38,132.4,33,0,0,12,8
Shaun Tait,,2010,Rajasthan Royals,2,1,12,13,12.0,92.3,11,0,0,0,1
Shaun Tait,,2011,Rajasthan Royals,2,1,10,10,10.0,100.0,10,0,0,1,0
Shaun Tait,,2013,Rajasthan Royals,1,0,1,3,1.0,33.3,1,0,0,0,0
Sheldon Cottrell,,2020,Punjab Kings,1,0,0,2,0.0,0.0,0,0,0,0,0
Sheldon Jackson,,2017,Kolkata Knight Riders,3,1,38,31,19.0,122.6,16,0,0,5,0
Sheldon Jackson,,2022,Kolkata Knight Riders,5,1,23,26,5.75,88.5,8,0,0,0,1
Sherfane Rutherford,,2019,Delhi Capitals,7,2,73,54,14.6,135.2,28,0,0,2,7
Sherfane Rutherford,,2022,Royal Challengers Bengaluru,2,0,33,50,16.5,66.0,28,0,0,1,1
Sherfane Rutherford,,2025,Gujarat Titans,11,2,291,185,32.33,157.3,46,0,0,22,18
Shikhar Dhawan,,2008,Delhi Capitals,14,4,340,295,34.0,115.3,68,0,4,35,8
Shikhar Dhawan,,2009,Mumbai Indians,4,0,40,45,10.0,88.9,22,0,0,3,0
Shikhar Dhawan,,2010,Mumbai Indians,10,0,191,170,19.1,112.4,56,0,2,23,3
Shikhar Dhawan,,2011,Sunrisers Hyderabad,14,2,400,310,33.33,129.0,95,0,2,47,7
Shikhar Dhawan,,2012,Sunrisers Hyderabad,15,0,569,439,37.93,129.6,84,0,5,58,18
Shikhar Dhawan,,2013,Sunrisers Hyderabad,10,1,311,253,34.56,122.9,73,0,3,37,5
Shikhar Dhawan,,2014,Sunrisers Hyderabad,14,0,377,319,26.93,118.2,64,0,2,49,7
Shikhar Dhawan,,2015,Sunrisers Hyderabad,14,1,353,286,27.15,123.4,54,0,3,45,6
Shikhar Dhawan,,2016,Sunrisers Hyderabad,17,3,501,429,35.79,116.8,82,0,4,51,8
Shikhar Dhawan,,2017,Sunrisers Hyderabad,14,1,479,376,36.85,127.4,77,0,3,53,9
Shikhar Dhawan,,2018,Sunrisers Hyderabad,16,3,497,363,38.23,136.9,92,0,4,59,14
Shikhar Dhawan,,2019,Delhi Capitals,16,1,521,384,34.73,135.7,97,0,5,64,11
Shikhar Dhawan,,2020,Delhi Capitals,17,2,618,427,41.2,144.7,106,2,4,67,12
Shikhar Dhawan,,2021,Delhi Capitals,16,1,587,471,39.13,124.6,92,0,3,63,16
Shikhar Dhawan,,2022,Punjab Kings,14,1,460,375,35.38,122.7,88,0,3,47,12
Shikhar Dhawan,,2023,Punjab Kings,11,2,373,261,41.44,142.9,99,0,3,49,12
Shikhar Dhawan,,2024,Punjab Kings,5,0,152,121,30.4,125.6,70,0,1,18,4
Shimron Hetmeyer,,2019,Royal Challengers Bengaluru,5,0,90,73,18.0,123.3,75,0,1,4,7
Shimron Hetmeyer,,2020,Delhi Capitals,11,3,185,125,23.12,148.0,45,0,0,11,12
Shimron Hetmeyer,,2021,Delhi Capitals,12,5,242,144,34.57,168.1,53,0,1,19,12
Shimron Hetmeyer,,2022,Rajasthan Royals,15,8,314,204,44.86,153.9,59,0,1,21,21
Shimron Hetmeyer,,2023,Rajasthan Royals,13,4,299,197,33.22,151.8,56,0,1,12,23
Shimron Hetmeyer,,2024,Rajasthan Royals,9,4,113,69,22.6,163.8,27,0,0,9,7
Shimron Hetmeyer,,2025,Rajasthan Royals,13,1,239,164,19.92,145.7,52,0,1,17,11
Shivam Dube,,2019,Royal Challengers Bengaluru,4,1,40,33,13.33,121.2,24,0,0,1,3
Shivam Dube,,2020,Royal Challengers Bengaluru,9,2,129,105,18.43,122.9,27,0,0,5,9
Shivam Dube,,2021,Rajasthan Royals,9,1,230,193,28.75,119.2,64,0,1,18,10
Shivam Dube,,2022,Chennai Super Kings,11,1,289,185,28.9,156.2,95,0,2,22,16
Shivam Dube,,2023,Chennai Super Kings,14,3,418,264,38.0,158.3,52,0,3,12,35
Shivam Dube,,2024,Chennai Super Kings,14,3,396,244,36.0,162.3,66,0,3,28,28
Shivam Dube,,2025,Chennai Super Kings,14,3,357,270,32.45,132.2,50,0,1,22,21
Shivam Mavi,,2018,Kolkata Knight Riders,3,0,13,15,4.33,86.7,7,0,0,1,0
Shivam Mavi,,2020,Kolkata Knight Riders,3,1,10,14,5.0,71.4,9,0,0,1,0
Shivam Mavi,,2021,Kolkata Knight Riders,2,0,25,20,12.5,125.0,20,0,0,2,2
Shivam Mavi,,2022,Kolkata Knight Riders,3,0,3,7,1.0,42.9,2,0,0,0,0
Shivam Sharma,,2014,Punjab Kings,2,1,5,3,5.0,166.7,4,0,0,1,0
Shivam Singh,,2024,Punjab Kings,1,1,2,3,2.0,66.7,2,0,0,0,0
Shivnarine Chanderpaul,,2008,Royal Challengers Bengaluru,3,0,25,31,8.33,80.6,16,0,0,4,0
Shoaib Ahmed,,2009,Sunrisers Hyderabad,3,1,1,6,0.5,16.7,1,0,0,0,0
Shoaib Akhtar,,2008,Kolkata Knight Riders,1,0,2,7,2.0,28.6,2,0,0,0,0
Shoaib Malik,,2008,Delhi Capitals,5,1,52,47,13.0,110.6,24,0,0,5,0
Shreevats Goswami,,2008,Royal Challengers Bengaluru,3,0,82,85,27.33,96.5,52,0,1,9,1
Shreevats Goswami,,2009,Royal Challengers Bengaluru,2,0,53,60,26.5,88.3,43,0,0,6,0
Shreevats Goswami,,2010,Royal Challengers Bengaluru,1,0,8,10,8.0,80.0,8,0,0,2,0
Shreevats Goswami,,2011,Kolkata Knight Riders,4,0,29,29,7.25,100.0,22,0,0,5,0
Shreevats Goswami,,2012,Rajasthan Royals,6,1,69,67,13.8,103.0,24,0,0,4,1
Shreevats Goswami,,2018,Sunrisers Hyderabad,3,0,52,40,17.33,130.0,35,0,0,6,1
Shreevats Goswami,,2020,Sunrisers Hyderabad,2,0,0,4,0.0,0.0,0,0,0,0,0
Shreyas Iyer,,2015,Delhi Capitals,14,1,439,342,33.77,128.4,83,0,4,41,21
Shreyas Iyer,,2016,Delhi Capitals,6,0,30,43,5.0,69.8,19,0,0,2,1
Shreyas Iyer,,2017,Delhi Capitals,12,2,338,243,33.8,139.1,96,0,2,36,10
Shreyas Iyer,,2018,Delhi Capitals,13,1,411,310,34.25,132.6,93,0,4,29,21
Shreyas Iyer,,2019,Delhi Capitals,16,0,463,386,28.94,119.9,67,0,3,41,14
Shreyas Iyer,,2020,Delhi Capitals,17,1,519,421,32.44,123.3,88,0,3,40,16
Shreyas Iyer,,2021,Delhi Capitals,8,2,175,171,29.17,102.3,47,0,0,7,5
Shreyas Iyer,,2022,Kolkata Knight Riders,14,1,401,298,30.85,134.6,85,0,3,41,11
Shreyas Iyer,,2024,Kolkata Knight Riders,14,5,351,239,39.0,146.9,58,0,2,34,14
Shreyas Iyer,,2025,Punjab Kings,17,4,604,345,46.46,175.1,97,0,6,43,39
Shrikant Wagh,,2011,Pune Warriors,2,0,2,3,1.0,66.7,2,0,0,0,0
Shubham Dubey,,2024,Rajasthan Royals,3,1,33,19,16.5,173.7,25,0,0,3,2
Shubham Dubey,,2025,Rajasthan Royals,8,3,106,66,21.2,160.6,34,0,0,6,8
Shubman Gill,,2018,Kolkata Knight Riders,10,4,203,139,33.83,146.0,57,0,1,22,5
Shubman Gill,,2019,Kolkata Knight Riders,13,4,296,238,32.89,124.4,76,0,3,21,10
Shubman Gill,,2020,Kolkata Knight Riders,14,1,440,373,33.85,118.0,70,0,3,44,9
Shubman Gill,,2021,Kolkata Knight Riders,17,0,478,402,28.12,118.9,57,0,3,50,12
Shubman Gill,,2022,Gujarat Titans,16,2,483,365,34.5,132.3,96,0,4,51,11
Shubman Gill,,2023,Gujarat Titans,17,2,890,564,59.33,157.8,129,3,4,85,33
Shubman Gill,,2024,Gujarat Titans,12,1,426,289,38.73,147.4,104,1,2,37,15
Shubman Gill,,2025,Gujarat Titans,15,2,650,417,50.0,155.9,93,0,6,62,24
Siddharth Chitnis,,2008,Mumbai Indians,2,0,18,10,9.0,180.0,15,0,0,1,1
Siddharth Chitnis,,2009,Rajasthan Royals,1,0,6,8,6.0,75.0,6,0,0,1,0
Siddharth Chitnis,,2011,Punjab Kings,1,0,9,9,9.0,100.0,9,0,0,1,0
Siddharth Chitnis,,2012,Punjab Kings,4,1,66,62,22.0,106.5,38,0,0,7,1
Siddharth Kaul,,2013,Delhi Capitals,1,1,7,9,7.0,77.8,7,0,0,0,0
Siddharth Kaul,,2014,Delhi Capitals,1,1,2,2,2.0,100.0,2,0,0,0,0
Siddharth Kaul,,2017,Sunrisers Hyderabad,1,1,0,2,,0.0,0,0,0,0,0
Siddharth Kaul,,2018,Sunrisers Hyderabad,3,0,3,14,1.0,21.4,2,0,0,0,0
Siddharth Kaul,,2019,Sunrisers Hyderabad,1,0,0,1,0.0,0.0,0,0,0,0,0
Siddharth Kaul,,2021,Sunrisers Hyderabad,2,2,8,8,8.0,100.0,7,0,0,1,0
Sikandar Raza,,2023,Punjab Kings,7,1,139,98,23.17,141.8,57,0,1,10,6
Sikandar Raza,,2024,Punjab Kings,2,0,43,38,21.5,113.2,28,0,0,2,2
Simarjeet Singh,,2022,Chennai Super Kings,3,2,7,8,7.0,87.5,3,0,0,0,0
Simarjeet Singh,,2025,Sunrisers Hyderabad,3,1,3,7,1.5,42.9,3,0,0,0,0
Simon Katich,,2008,Punjab Kings,2,1,96,69,96.0,139.1,75,0,1,11,2
Simon Katich,,2009,Punjab Kings,9,0,145,117,16.11,123.9,50,0,1,14,6
Sohail Tanvir,,2008,Rajasthan Royals,5,1,36,29,9.0,124.1,13,0,0,3,1
Sourav Ganguly,,2008,Kolkata Knight Riders,13,1,349,307,29.08,113.7,91,0,3,33,15
Sourav Ganguly,,2009,Kolkata Knight Riders,11,0,189,207,17.18,91.3,46,0,0,13,6
Sourav Ganguly,,2010,Kolkata Knight Riders,14,1,493,419,37.92,117.7,88,0,4,58,15
Sourav Ganguly,,2011,Pune Warriors,3,1,50,59,25.0,84.7,32,0,0,3,2
Sourav Ganguly,,2012,Pune Warriors,15,0,268,271,17.87,98.9,45,0,0,30,4
Stephen Fleming,,2008,Chennai Super Kings,10,1,196,165,21.78,118.8,45,0,0,27,3
Steven Smith,,2012,Pune Warriors,14,4,362,267,36.2,135.6,47,0,0,24,14
Steven Smith,,2013,Pune Warriors,7,3,159,132,39.75,120.5,41,0,0,15,4
Steven Smith,,2014,Rajasthan Royals,7,3,147,110,36.75,133.6,48,0,0,13,4
Steven Smith,,2015,Rajasthan Royals,12,1,293,221,26.64,132.6,79,0,2,33,3
Steven Smith,,2016,Rising Pune Supergiants,7,1,270,176,45.0,153.4,101,1,0,27,8
Steven Smith,,2017,Rising Pune Supergiant,15,3,472,387,39.33,122.0,84,0,3,38,12
Steven Smith,,2019,Rajasthan Royals,10,1,319,275,35.44,116.0,73,0,3,30,4
Steven Smith,,2020,Rajasthan Royals,14,1,311,237,23.92,131.2,69,0,3,32,9
Steven Smith,,2021,Delhi Capitals,7,1,152,135,25.33,112.6,39,0,0,13,2
Stuart Binny,,2010,Mumbai Indians,1,0,8,5,8.0,160.0,8,0,0,1,0
Stuart Binny,,2011,Rajasthan Royals,2,1,37,31,37.0,119.4,30,0,0,2,1
Stuart Binny,,2012,Rajasthan Royals,6,2,90,67,22.5,134.3,30,0,0,9,3
Stuart Binny,,2013,Rajasthan Royals,16,6,293,199,29.3,147.2,41,0,0,25,12
Stuart Binny,,2014,Rajasthan Royals,11,1,123,121,12.3,101.7,48,0,0,4,5
Stuart Binny,,2015,Rajasthan Royals,8,3,74,66,14.8,112.1,20,0,0,7,1
Stuart Binny,,2016,Royal Challengers Bengaluru,5,1,63,39,15.75,161.5,21,0,0,5,4
Stuart Binny,,2017,Royal Challengers Bengaluru,7,2,78,76,15.6,102.6,18,0,0,6,3
Stuart Binny,,2018,Rajasthan Royals,5,0,44,39,8.8,112.8,22,0,0,2,2
Stuart Binny,,2019,Rajasthan Royals,5,2,70,40,23.33,175.0,33,0,0,5,4
Subramaniam Badrinath,,2008,Chennai Super Kings,11,5,192,130,32.0,147.7,64,0,2,21,8
Subramaniam Badrinath,,2009,Chennai Super Kings,11,2,177,164,19.67,107.9,59,0,1,20,4
Subramaniam Badrinath,,2010,Chennai Super Kings,15,4,356,303,32.36,117.5,55,0,2,41,5
Subramaniam Badrinath,,2011,Chennai Super Kings,12,5,396,313,56.57,126.5,71,0,5,38,9
Subramaniam Badrinath,,2012,Chennai Super Kings,9,2,196,181,28.0,108.3,57,0,1,23,2
Subramaniam Badrinath,,2013,Chennai Super Kings,7,0,124,121,17.71,102.5,34,0,0,11,0
Suchith J,,2015,Mumbai Indians,5,4,48,32,48.0,150.0,34,0,0,4,2
Suchith J,,2019,Delhi Capitals,1,0,6,15,6.0,40.0,6,0,0,0,0
Suchith J,,2021,Sunrisers Hyderabad,1,1,14,6,14.0,233.3,14,0,0,2,1
Suchith J,,2022,Sunrisers Hyderabad,2,0,2,8,1.0,25.0,2,0,0,0,0
Sumit Kumar,,2024,Delhi Capitals,3,1,18,24,9.0,75.0,9,0,0,2,1
Sunil Joshi,,2008,Royal Challengers Bengaluru,2,0,6,14,3.0,42.9,3,0,0,0,0
Sunil Narine,,2012,Kolkata Knight Riders,2,1,9,7,9.0,128.6,9,0,0,2,0
Sunil Narine,,2013,Kolkata Knight Riders,6,2,21,19,5.25,110.5,13,0,0,0,2
Sunil Narine,,2014,Kolkata Knight Riders,4,3,10,14,10.0,71.4,6,0,0,0,0
Sunil Narine,,2015,Kolkata Knight Riders,1,1,0,1,,0.0,0,0,0,0,0
Sunil Narine,,2016,Kolkata Knight Riders,3,2,7,13,7.0,53.8,4,0,0,0,0
Sunil Narine,,2017,Kolkata Knight Riders,14,1,224,130,17.23,172.3,54,0,1,34,10
Sunil Narine,,2018,Kolkata Knight Riders,16,0,357,188,22.31,189.9,75,0,2,40,23
Sunil Narine,,2019,Kolkata Knight Riders,8,0,143,86,17.88,166.3,47,0,0,17,9
Sunil Narine,,2020,Kolkata Knight Riders,9,0,121,85,13.44,142.4,64,0,1,10,8
Sunil Narine,,2021,Kolkata Knight Riders,10,2,62,47,7.75,131.9,26,0,0,3,5
Sunil Narine,,2022,Kolkata Knight Riders,9,2,71,40,10.14,177.5,22,0,0,6,6
Sunil Narine,,2023,Kolkata Knight Riders,10,3,21,25,3.0,84.0,7,0,0,2,1
Sunil Narine,,2024,Kolkata Knight Riders,14,0,488,270,34.86,180.7,109,1,3,50,33
Sunil Narine,,2025,Kolkata Knight Riders,12,1,246,144,22.36,170.8,44,0,0,25,19
Sunny Gupta,,2012,Delhi Capitals,1,0,0,1,0.0,0.0,0,0,0,0,0
Sunny Singh,,2011,Punjab Kings,5,1,43,31,10.75,138.7,20,0,0,6,1
Suresh Raina,,2008,Chennai Super Kings,14,2,421,295,35.08,142.7,55,0,3,35,18
Suresh Raina,,2009,Chennai Super Kings,14,0,434,308,31.0,140.9,98,0,2,37,21
Suresh Raina,,2010,Chennai Super Kings,16,4,520,364,43.33,142.9,83,0,4,45,22
Suresh Raina,,2011,Chennai Super Kings,16,2,438,325,31.29,134.8,73,0,4,36,17
Suresh Raina,,2012,Chennai Super Kings,18,1,441,325,25.94,135.7,73,0,1,36,19
Suresh Raina,,2013,Chennai Super Kings,17,3,548,365,39.14,150.1,100,1,4,50,18
Suresh Raina,,2014,Chennai Super Kings,16,3,523,359,40.23,145.7,87,0,5,51,19
Suresh Raina,,2015,Chennai Super Kings,17,2,374,305,24.93,122.6,62,0,2,31,16
Suresh Raina,,2016,Gujarat Titans,15,0,399,312,26.6,127.9,75,0,3,39,10
Suresh Raina,,2017,Gujarat Titans,14,3,442,307,40.18,144.0,84,0,3,42,13
Suresh Raina,,2018,Chennai Super Kings,15,2,445,336,34.23,132.4,75,0,4,46,12
Suresh Raina,,2019,Chennai Super Kings,17,1,383,314,23.94,122.0,59,0,3,45,9
Suresh Raina,,2021,Chennai Super Kings,11,2,160,128,17.78,125.0,54,0,1,13,9
Suryansh Shedge,,2025,Punjab Kings,3,0,7,11,2.33,63.6,4,0,0,0,0
Suyash S Prabhudessai,,2022,Royal Challengers Bengaluru,5,0,67,59,13.4,113.6,34,0,0,7,2
Suyash S Prabhudessai,,2023,Royal Challengers Bengaluru,4,0,35,29,8.75,120.7,19,0,0,1,2
Suyash S Prabhudessai,,2024,Royal Challengers Bengaluru,1,0,24,18,24.0,133.3,24,0,0,3,0
Swapnil A Asnodkar,,2008,Rajasthan Royals,9,0,311,233,34.56,133.5,60,0,2,43,6
Swapnil A Asnodkar,,2009,Rajasthan Royals,8,0,98,93,12.25,105.4,44,0,0,11,4
Swapnil A Asnodkar,,2010,Rajasthan Royals,1,0,5,4,5.0,125.0,5,0,0,1,0
Swapnil A Asnodkar,,2011,Rajasthan Royals,1,0,9,9,9.0,100.0,9,0,0,1,0
Swapnil K Singh,,2016,Punjab Kings,1,0,0,1,0.0,0.0,0,0,0,0,0
Swapnil K Singh,,2017,Punjab Kings,2,0,12,19,6.0,63.2,10,0,0,0,0
Swapnil K Singh,,2023,Lucknow Super Giants,1,1,2,4,2.0,50.0,2,0,0,0,0
Swapnil K Singh,,2024,Royal Challengers Bengaluru,5,3,37,21,18.5,176.2,15,0,0,3,3
T Henderson,,2009,Rajasthan Royals,2,0,11,16,5.5,68.8,11,0,0,0,1
T Kohler-Cadmore,,2024,Rajasthan Royals,3,0,48,54,16.0,88.9,20,0,0,7,1
TL Seifert,,2021,Kolkata Knight Riders,1,0,2,4,2.0,50.0,2,0,0,0,0
TL Seifert,,2022,Delhi Capitals,2,0,24,19,12.0,126.3,21,0,0,4,0
TL Suman,,2009,Sunrisers Hyderabad,12,2,237,190,23.7,124.7,41,0,0,18,8
TL Suman,,2010,Sunrisers Hyderabad,14,4,307,257,30.7,119.5,78,0,2,23,12
TL Suman,,2011,Mumbai Indians,6,0,65,51,10.83,127.5,36,0,0,5,5
TL Suman,,2012,Mumbai Indians,2,0,15,19,7.5,78.9,10,0,0,1,1
TL Suman,,2013,Pune Warriors,5,0,52,58,10.4,89.7,23,0,0,8,0
TR Birt,,2011,Delhi Capitals,5,0,75,58,15.0,129.3,27,0,0,9,2
Tabraiz Shamsi,,2021,Rajasthan Royals,1,1,2,4,2.0,50.0,2,0,0,0,0
Tanmay Srivastava,,2008,Punjab Kings,2,1,8,10,8.0,80.0,7,0,0,0,0
Tanmay Srivastava,,2009,Punjab Kings,1,1,0,1,,0.0,0,0,0,0,0
Tanush Kotian,,2024,Rajasthan Royals,1,0,24,31,24.0,77.4,24,0,0,3,0
Taruwar Kohli,,2008,Rajasthan Royals,2,0,10,15,5.0,66.7,7,0,0,0,1
Taruwar Kohli,,2009,Punjab Kings,1,0,1,4,1.0,25.0,1,0,0,0,0
Tatenda Taibu,,2008,Kolkata Knight Riders,3,0,31,26,10.33,119.2,15,0,0,3,0
Thangarasu Natarajan,,2020,Sunrisers Hyderabad,2,2,3,5,3.0,60.0,3,0,0,0,0
Thilan Thushara,,2009,Chennai Super Kings,2,1,2,7,2.0,28.6,1,0,0,0,0
Thilan Thushara,,2010,Chennai Super Kings,2,1,10,11,10.0,90.9,8,0,0,0,0
Thisara Perera,,2011,Kochi Tuskers Kerala,2,0,23,27,11.5,85.2,22,0,0,4,0
Thisara Perera,,2012,Mumbai Indians,2,1,4,9,4.0,44.4,4,0,0,0,0
Thisara Perera,,2013,Sunrisers Hyderabad,14,2,233,163,19.42,142.9,40,0,0,12,14
Thisara Perera,,2015,Punjab Kings,2,0,12,15,6.0,80.0,9,0,0,0,1
Thisara Perera,,2016,Rising Pune Supergiants,10,3,150,93,21.43,161.3,34,0,0,7,11
Tilak Varma,,2022,Mumbai Indians,14,3,397,303,36.09,131.0,61,0,2,29,16
Tilak Varma,,2023,Mumbai Indians,11,3,343,209,42.88,164.1,84,0,1,26,23
Tilak Varma,,2024,Mumbai Indians,13,2,416,278,37.82,149.6,65,0,3,35,19
Tilak Varma,,2025,Mumbai Indians,13,3,343,248,34.3,138.3,59,0,2,23,16
Tillakaratne Dilshan,,2008,Delhi Capitals,7,1,104,79,17.33,131.6,33,0,0,14,3
Tillakaratne Dilshan,,2009,Delhi Capitals,13,3,418,341,41.8,122.6,67,0,4,42,13
Tillakaratne Dilshan,,2010,Delhi Capitals,6,0,44,53,7.33,83.0,17,0,0,6,0
Tillakaratne Dilshan,,2011,Royal Challengers Bengaluru,10,2,226,180,28.25,125.6,59,0,2,33,3
Tillakaratne Dilshan,,2012,Royal Challengers Bengaluru,9,1,285,261,35.62,109.2,76,0,3,33,5
Tillakaratne Dilshan,,2013,Royal Challengers Bengaluru,5,0,76,93,15.2,81.7,33,0,0,12,0
Tim David,,2021,Royal Challengers Bengaluru,1,0,1,3,1.0,33.3,1,0,0,0,0
Tim David,,2022,Mumbai Indians,8,2,186,86,31.0,216.3,46,0,0,12,16
Tim David,,2023,Mumbai Indians,15,6,231,146,25.67,158.2,45,0,0,12,15
Tim David,,2024,Mumbai Indians,11,3,241,152,30.12,158.6,45,0,0,14,15
Tim David,,2025,Royal Challengers Bengaluru,9,6,187,101,62.33,185.1,50,0,1,16,14
Tim Paine,,2011,Pune Warriors,2,0,10,26,5.0,38.5,8,0,0,0,0
Tim Southee,,2014,Rajasthan Royals,1,0,4,4,4.0,100.0,4,0,0,1,0
Tim Southee,,2015,Rajasthan Royals,2,1,13,9,13.0,144.4,7,0,0,1,0
Tim Southee,,2016,Mumbai Indians,4,1,30,19,10.0,157.9,25,0,0,1,2
Tim Southee,,2017,Mumbai Indians,1,0,7,3,7.0,233.3,7,0,0,0,1
Tim Southee,,2018,Royal Challengers Bengaluru,4,1,52,46,17.33,113.0,36,0,0,5,1
Tim Southee,,2019,Royal Challengers Bengaluru,1,1,9,9,9.0,100.0,9,0,0,0,0
Tim Southee,,2021,Kolkata Knight Riders,1,0,3,5,3.0,60.0,3,0,0,0,0
Tim Southee,,2022,Kolkata Knight Riders,5,1,2,12,0.5,16.7,1,0,0,0,0
Tom Banton,,2020,Kolkata Knight Riders,2,0,18,20,9.0,90.0,10,0,0,1,1
Tom Curran,,2018,Kolkata Knight Riders,4,1,23,28,7.67,82.1,18,0,0,3,0
Tom Curran,,2020,Rajasthan Royals,4,3,83,62,83.0,133.9,54,0,1,5,3
Tom Curran,,2021,Delhi Capitals,2,1,21,17,21.0,123.5,21,0,0,2,0
Travis Head,,2016,Royal Challengers Bengaluru,3,1,54,40,27.0,135.0,37,0,0,3,2
Travis Head,,2017,Royal Challengers Bengaluru,7,2,151,108,30.2,139.8,75,0,1,9,6
Travis Head,,2024,Sunrisers Hyderabad,15,1,567,296,40.5,191.6,102,1,4,64,32
Travis Head,,2025,Sunrisers Hyderabad,12,0,374,230,31.17,162.6,76,0,3,50,15
Trent Boult,,2017,Kolkata Knight Riders,1,1,5,8,5.0,62.5,5,0,0,0,0
Trent Boult,,2018,Delhi Capitals,1,0,0,2,0.0,0.0,0,0,0,0,0
Trent Boult,,2019,Delhi Capitals,2,1,7,4,7.0,175.0,6,0,0,0,1
Trent Boult,,2020,Mumbai Indians,1,0,0,1,0.0,0.0,0,0,0,0,0
Trent Boult,,2021,Mumbai Indians,2,2,1,4,1.0,25.0,1,0,0,0,0
Trent Boult,,2022,Rajasthan Royals,7,5,40,29,20.0,137.9,17,0,0,2,1
Trent Boult,,2023,Rajasthan Royals,3,2,16,14,16.0,114.3,15,0,0,1,1
Trent Boult,,2024,Rajasthan Royals,4,2,14,16,7.0,87.5,12,0,0,2,0
Trent Boult,,2025,Mumbai Indians,2,1,2,3,2.0,66.7,1,0,0,0,0
Tristan Stubbs,,2022,Mumbai Indians,2,0,2,4,1.0,50.0,2,0,0,0,0
Tristan Stubbs,,2023,Mumbai Indians,2,0,25,31,12.5,80.6,20,0,0,2,0
Tristan Stubbs,,2024,Delhi Capitals,13,5,378,198,47.25,190.9,71,0,3,24,26
Tristan Stubbs,,2025,Delhi Capitals,13,5,300,199,37.5,150.8,41,0,0,25,11
Tushar U Deshpande,,2020,Delhi Capitals,2,1,21,12,21.0,175.0,20,0,0,2,1
Tushar U Deshpande,,2023,Chennai Super Kings,1,1,0,1,,0.0,0,0,0,0,0
Tushar U Deshpande,,2024,Chennai Super Kings,1,1,0,1,,0.0,0,0,0,0,0
Tushar U Deshpande,,2025,Rajasthan Royals,4,2,7,8,3.5,87.5,3,0,0,0,0
Tymal Mills,,2017,Royal Challengers Bengaluru,3,0,8,11,2.67,72.7,6,0,0,0,1
Tymal Mills,,2022,Mumbai Indians,2,1,0,3,0.0,0.0,0,0,0,0,0
UA Birla,,2013,Pune Warriors,1,0,7,14,7.0,50.0,7,0,0,1,0
Uday Kaul,,2008,Punjab Kings,1,1,0,1,,0.0,0,0,0,0,0
Umar Gul,,2008,Kolkata Knight Riders,4,1,39,19,13.0,205.3,24,0,0,1,5
Umesh Yadav,,2010,Delhi Capitals,1,0,3,4,3.0,75.0,3,0,0,0,0
Umesh Yadav,,2011,Delhi Capitals,2,1,1,5,1.0,20.0,1,0,0,0,0
Umesh Yadav,,2012,Delhi Capitals,3,1,2,7,1.0,28.6,1,0,0,0,0
Umesh Yadav,,2013,Delhi Capitals,7,6,38,38,38.0,100.0,12,0,0,3,1
Umesh Yadav,,2014,Kolkata Knight Riders,1,0,2,4,2.0,50.0,2,0,0,0,0
Umesh Yadav,,2015,Kolkata Knight Riders,3,2,29,14,29.0,207.1,24,0,0,5,1
Umesh Yadav,,2016,Kolkata Knight Riders,2,1,9,5,9.0,180.0,7,0,0,0,1
Umesh Yadav,,2017,Kolkata Knight Riders,4,4,10,13,10.0,76.9,4,0,0,0,0
Umesh Yadav,,2018,Royal Challengers Bengaluru,5,1,3,11,0.75,27.3,1,0,0,0,0
Umesh Yadav,,2019,Royal Challengers Bengaluru,5,3,25,25,12.5,100.0,14,0,0,3,1
Umesh Yadav,,2020,Royal Challengers Bengaluru,1,0,0,2,0.0,0.0,0,0,0,0,0
Umesh Yadav,,2022,Kolkata Knight Riders,7,3,55,40,13.75,137.5,21,0,0,4,4
Umesh Yadav,,2023,Kolkata Knight Riders,5,3,19,18,9.5,105.6,6,0,0,1,0
Umesh Yadav,,2024,Gujarat Titans,2,1,12,15,12.0,80.0,10,0,0,0,1
Umran Malik,,2022,Sunrisers Hyderabad,4,3,4,8,4.0,50.0,3,0,0,0,0
Umran Malik,,2023,Sunrisers Hyderabad,1,1,19,8,19.0,237.5,19,0,0,1,2
Unmukt Chand,,2011,Delhi Capitals,2,0,2,12,1.0,16.7,2,0,0,0,0
Unmukt Chand,,2012,Delhi Capitals,2,0,36,34,18.0,105.9,18,0,0,2,3
Unmukt Chand,,2013,Delhi Capitals,9,0,158,158,17.56,100.0,41,0,0,17,4
Unmukt Chand,,2014,Rajasthan Royals,1,0,2,9,2.0,22.2,2,0,0,0,0
Unmukt Chand,,2015,Mumbai Indians,5,0,102,83,20.4,122.9,58,0,1,13,2
Unmukt Chand,,2016,Mumbai Indians,1,0,0,4,0.0,0.0,0,0,0,0,0
Urvil Patel,,2025,Chennai Super Kings,3,0,68,32,22.67,212.5,37,0,0,5,6
Usman Khawaja,,2016,Rising Pune Supergiants,6,0,127,100,21.17,127.0,30,0,0,14,3
V Chakravarthy,,2020,Kolkata Knight Riders,3,1,10,15,5.0,66.7,7,0,0,0,0
V Chakravarthy,,2021,Kolkata Knight Riders,2,1,2,4,2.0,50.0,2,0,0,0,0
V Chakravarthy,,2022,Kolkata Knight Riders,3,3,12,18,12.0,66.7,10,0,0,2,0
V Chakravarthy,,2023,Kolkata Knight Riders,2,1,1,9,1.0,11.1,1,0,0,0,0
V Chakravarthy,,2025,Kolkata Knight Riders,1,1,1,1,1.0,100.0,1,0,0,0,0
V H Zol,,2014,Royal Challengers Bengaluru,2,0,29,26,14.5,111.5,16,0,0,3,1
V Nigam,,2025,Delhi Capitals,8,1,142,79,20.29,179.7,39,0,0,15,8
V Suryavanshi,,2025,Rajasthan Royals,7,0,252,122,36.0,206.6,101,1,1,18,24
V V S Laxman,,2008,Sunrisers Hyderabad,6,1,155,132,31.0,117.4,52,0,1,22,1
V V S Laxman,,2009,Sunrisers Hyderabad,5,0,19,33,3.8,57.6,10,0,0,1,1
V V S Laxman,,2010,Sunrisers Hyderabad,6,1,64,60,12.8,106.7,22,0,0,7,1
V V S Laxman,,2011,Kochi Tuskers Kerala,3,0,44,42,14.67,104.8,36,0,0,3,2
V Viyaskanth,,2024,Sunrisers Hyderabad,1,1,7,5,7.0,140.0,7,0,0,0,0
VS Malik,,2010,Punjab Kings,1,0,6,5,6.0,120.0,6,0,0,1,0
VS Malik,,2014,Rajasthan Royals,1,1,1,2,1.0,50.0,1,0,0,0,0
VS Yeligati,,2008,Mumbai Indians,1,0,2,2,2.0,100.0,2,0,0,0,0
VY Mahesh,,2008,Delhi Capitals,5,2,15,27,5.0,55.6,6,0,0,0,0
Vaibhav G Arora,,2022,Punjab Kings,4,1,5,13,1.67,38.5,2,0,0,0,0
Vaibhav G Arora,,2023,Kolkata Knight Riders,2,2,3,2,3.0,150.0,2,0,0,0,0
Vaibhav G Arora,,2024,Kolkata Knight Riders,1,1,1,1,1.0,100.0,1,0,0,0,0
Vaibhav G Arora,,2025,Kolkata Knight Riders,2,0,0,8,0.0,0.0,0,0,0,0,0
Varun Aaron,,2011,Delhi Capitals,1,1,0,5,,0.0,0,0,0,0,0
Varun Aaron,,2012,Delhi Capitals,2,0,1,3,0.5,33.3,1,0,0,0,0
Varun Aaron,,2014,Royal Challengers Bengaluru,3,3,35,34,35.0,102.9,17,0,0,2,1
Varun Aaron,,2015,Royal Challengers Bengaluru,1,0,6,3,6.0,200.0,6,0,0,0,1
Varun Aaron,,2017,Punjab Kings,2,1,4,10,4.0,40.0,4,0,0,0,0
Varun Aaron,,2019,Rajasthan Royals,1,1,3,7,3.0,42.9,3,0,0,0,0
Varun Aaron,,2020,Rajasthan Royals,2,1,1,10,1.0,10.0,1,0,0,0,0
Veer Pratap Singh,,2012,Sunrisers Hyderabad,1,0,0,1,0.0,0.0,0,0,0,0,0
Venkatesh Iyer,,2021,Kolkata Knight Riders,10,1,370,288,41.11,128.5,67,0,4,37,14
Venkatesh Iyer,,2022,Kolkata Knight Riders,12,1,182,169,16.55,107.7,50,0,1,17,7
Venkatesh Iyer,,2023,Kolkata Knight Riders,14,0,404,277,28.86,145.8,104,1,2,32,21
Venkatesh Iyer,,2024,Kolkata Knight Riders,13,5,370,233,46.25,158.8,70,0,4,35,19
Venkatesh Iyer,,2025,Kolkata Knight Riders,7,0,142,102,20.29,139.2,60,0,1,15,4
Vijay Shankar,,2017,Sunrisers Hyderabad,4,2,101,75,50.5,134.7,63,0,1,12,1
Vijay Shankar,,2018,Delhi Capitals,9,5,212,148,53.0,143.2,54,0,1,11,11
Vijay Shankar,,2019,Sunrisers Hyderabad,14,2,244,193,20.33,126.4,40,0,0,11,12
Vijay Shankar,,2020,Sunrisers Hyderabad,5,1,97,96,24.25,101.0,52,0,1,10,1
Vijay Shankar,,2021,Sunrisers Hyderabad,5,0,58,52,11.6,111.5,28,0,0,1,3
Vijay Shankar,,2022,Gujarat Titans,4,0,19,35,4.75,54.3,13,0,0,1,0
Vijay Shankar,,2023,Gujarat Titans,10,2,301,188,37.62,160.1,63,0,3,27,15
Vijay Shankar,,2024,Gujarat Titans,7,2,83,72,16.6,115.3,17,0,0,7,2
Vijay Shankar,,2025,Chennai Super Kings,5,2,118,91,39.33,129.7,69,0,1,8,3
Vijaykumar Vyshak,,2023,Royal Challengers Bengaluru,2,1,13,9,13.0,144.4,13,0,0,0,1
Vijaykumar Vyshak,,2024,Royal Challengers Bengaluru,2,1,1,3,1.0,33.3,1,0,0,0,0
Vikram Singh,,2008,Punjab Kings,2,0,4,3,2.0,133.3,4,0,0,1,0
Vinay Kumar R,,2008,Royal Challengers Bengaluru,4,1,25,22,8.33,113.6,23,0,0,2,1
Vinay Kumar R,,2009,Royal Challengers Bengaluru,7,3,47,44,11.75,106.8,12,0,0,4,1
Vinay Kumar R,,2010,Royal Challengers Bengaluru,5,1,27,32,6.75,84.4,10,0,0,1,0
Vinay Kumar R,,2011,Kochi Tuskers Kerala,7,0,50,47,7.14,106.4,18,0,0,4,1
Vinay Kumar R,,2012,Royal Challengers Bengaluru,7,2,68,62,13.6,109.7,25,0,0,3,2
Vinay Kumar R,,2013,Royal Challengers Bengaluru,5,4,70,44,70.0,159.1,26,0,0,6,3
Vinay Kumar R,,2014,Kolkata Knight Riders,2,0,4,6,2.0,66.7,4,0,0,0,0
Vinay Kumar R,,2015,Mumbai Indians,2,1,0,2,0.0,0.0,0,0,0,0,0
Vinay Kumar R,,2016,Mumbai Indians,2,1,13,12,13.0,108.3,12,0,0,0,1
Vinay Kumar R,,2018,Kolkata Knight Riders,1,1,6,3,6.0,200.0,6,0,0,1,0
Virat Kohli,,2008,Royal Challengers Bengaluru,12,1,165,157,15.0,105.1,38,0,0,18,4
Virat Kohli,,2009,Royal Challengers Bengaluru,13,2,246,219,22.36,112.3,50,0,1,22,8
Virat Kohli,,2010,Royal Challengers Bengaluru,13,1,307,212,25.58,144.8,58,0,1,26,12
Virat Kohli,,2011,Royal Challengers Bengaluru,16,4,557,460,46.42,121.1,71,0,4,55,16
Virat Kohli,,2012,Royal Challengers Bengaluru,15,2,364,326,28.0,111.7,73,0,2,33,9
Virat Kohli,,2013,Royal Challengers Bengaluru,16,2,634,457,45.29,138.7,99,0,6,64,22
Virat Kohli,,2014,Royal Challengers Bengaluru,14,1,359,294,27.62,122.1,73,0,2,23,16
Virat Kohli,,2015,Royal Challengers Bengaluru,16,4,505,386,42.08,130.8,82,0,3,35,23
Virat Kohli,,2016,Royal Challengers Bengaluru,16,4,973,640,81.08,152.0,113,4,7,83,38
Virat Kohli,,2017,Royal Challengers Bengaluru,10,0,308,252,30.8,122.2,64,0,4,23,11
Virat Kohli,,2018,Royal Challengers Bengaluru,14,3,530,381,48.18,139.1,92,0,4,52,18
Virat Kohli,,2019,Royal Challengers Bengaluru,14,0,464,328,33.14,141.5,100,1,2,46,13
Virat Kohli,,2020,Royal Challengers Bengaluru,15,4,466,384,42.36,121.4,90,0,3,23,11
Virat Kohli,,2021,Royal Challengers Bengaluru,15,1,405,339,28.93,119.5,72,0,3,43,9
Virat Kohli,,2022,Royal Challengers Bengaluru,16,1,341,294,22.73,116.0,73,0,2,32,8
Virat Kohli,,2023,Royal Challengers Bengaluru,14,2,639,457,53.25,139.8,101,2,6,65,16
Virat Kohli,,2024,Royal Challengers Bengaluru,15,2,741,479,57.0,154.7,113,1,5,62,38
Virat Kohli,,2025,Royal Challengers Bengaluru,15,3,657,454,54.75,144.7,73,0,8,66,19
Virat Singh,,2021,Sunrisers Hyderabad,2,0,15,26,7.5,57.7,11,0,0,1,0
Virender Sehwag,,2008,Delhi Capitals,14,2,406,220,33.83,184.5,94,0,3,46,21
Virender Sehwag,,2009,Delhi Capitals,11,1,198,138,19.8,143.5,50,0,1,24,7
Virender Sehwag,,2010,Delhi Capitals,14,0,356,218,25.43,163.3,75,0,3,47,14
Virender Sehwag,,2011,Delhi Capitals,11,0,424,240,38.55,176.7,119,1,2,51,18
Virender Sehwag,,2012,Delhi Capitals,16,0,495,307,30.94,161.2,87,0,5,57,19
Virender Sehwag,,2013,Delhi Capitals,13,1,295,233,24.58,126.6,95,0,1,41,6
Virender Sehwag,,2014,Punjab Kings,17,0,455,315,26.76,144.4,122,1,1,56,18
Virender Sehwag,,2015,Punjab Kings,8,0,99,84,12.38,117.9,47,0,0,12,3
Vishnu Vinod,,2017,Royal Challengers Bengaluru,3,0,19,26,6.33,73.1,9,0,0,1,1
Vishnu Vinod,,2023,Mumbai Indians,3,0,37,31,12.33,119.4,30,0,0,2,2
Vivrant Sharma,,2023,Sunrisers Hyderabad,1,0,69,47,69.0,146.8,69,0,1,9,2
WA Mota,,2008,Punjab Kings,2,1,26,27,26.0,96.3,25,0,0,2,0
WA Mota,,2009,Punjab Kings,6,1,30,48,6.0,62.5,12,0,0,0,0
Wanindu Hasaranga,,2021,Royal Challengers Bengaluru,2,1,1,2,1.0,50.0,1,0,0,0,0
Wanindu Hasaranga,,2022,Royal Challengers Bengaluru,7,0,38,43,5.43,88.4,18,0,0,4,1
Wanindu Hasaranga,,2023,Royal Challengers Bengaluru,5,2,33,28,11.0,117.9,12,0,0,3,0
Wanindu Hasaranga,,2025,Rajasthan Royals,5,0,9,15,1.8,60.0,4,0,0,0,0
Wasim Jaffer,,2008,Royal Challengers Bengaluru,6,0,115,104,19.17,110.6,50,0,1,12,3
Wasim Jaffer,,2009,Royal Challengers Bengaluru,2,0,15,17,7.5,88.2,8,0,0,2,0
Wayne Parnell,,2011,Pune Warriors,5,2,37,39,12.33,94.9,16,0,0,2,1
Wayne Parnell,,2012,Pune Warriors,5,1,19,27,4.75,70.4,11,0,0,2,0
Wayne Parnell,,2013,Pune Warriors,1,0,5,7,5.0,71.4,5,0,0,0,0
Wayne Parnell,,2014,Delhi Capitals,1,0,2,2,2.0,100.0,2,0,0,0,0
Wayne Parnell,,2023,Royal Challengers Bengaluru,1,0,2,5,2.0,40.0,2,0,0,0,0
Wiaan Mulder,,2025,Sunrisers Hyderabad,1,0,9,11,9.0,81.8,9,0,0,1,0
Will Jacks,,2024,Royal Challengers Bengaluru,8,1,230,131,32.86,175.6,100,1,1,16,18
Will Jacks,,2025,Mumbai Indians,11,1,233,172,23.3,135.5,53,0,1,22,11
Wriddhiman Saha,,2008,Kolkata Knight Riders,10,4,159,119,26.5,133.6,59,0,1,12,7
Wriddhiman Saha,,2009,Kolkata Knight Riders,7,4,72,41,24.0,175.6,25,0,0,3,4
Wriddhiman Saha,,2010,Kolkata Knight Riders,6,2,67,53,16.75,126.4,22,0,0,9,1
Wriddhiman Saha,,2011,Chennai Super Kings,2,1,68,63,68.0,107.9,46,0,0,2,4
Wriddhiman Saha,,2012,Chennai Super Kings,1,0,6,14,6.0,42.9,6,0,0,0,0
Wriddhiman Saha,,2013,Chennai Super Kings,3,0,70,56,23.33,125.0,39,0,0,6,4
Wriddhiman Saha,,2014,Punjab Kings,13,2,362,249,32.91,145.4,115,1,2,33,18
Wriddhiman Saha,,2015,Punjab Kings,13,0,249,197,19.15,126.4,42,0,0,16,10
Wriddhiman Saha,,2016,Punjab Kings,12,1,270,212,24.55,127.4,56,0,2,29,1
Wriddhiman Saha,,2017,Punjab Kings,11,1,234,187,23.4,125.1,93,0,1,20,8
Wriddhiman Saha,,2018,Sunrisers Hyderabad,10,2,122,102,15.25,119.6,35,0,0,17,1
Wriddhiman Saha,,2019,Sunrisers Hyderabad,5,0,86,53,17.2,162.3,28,0,0,13,1
Wriddhiman Saha,,2020,Sunrisers Hyderabad,4,1,214,153,71.33,139.9,87,0,2,24,5
Wriddhiman Saha,,2021,Sunrisers Hyderabad,9,0,131,140,14.56,93.6,44,0,0,7,5
Wriddhiman Saha,,2022,Gujarat Titans,11,1,317,259,31.7,122.4,68,0,3,40,7
Wriddhiman Saha,,2023,Gujarat Titans,17,1,371,287,23.19,129.3,81,0,2,47,8
Wriddhiman Saha,,2024,Gujarat Titans,9,0,136,115,15.11,118.3,39,0,0,18,3
X Thalaivan Sargunam,,2013,Sunrisers Hyderabad,1,0,10,17,10.0,58.8,10,0,0,0,0
Xavier Bartlett,,2025,Punjab Kings,1,0,11,15,11.0,73.3,11,0,0,1,0
Y Gnaneswara Rao,,2011,Kochi Tuskers Kerala,1,0,19,17,19.0,111.8,19,0,0,3,0
Y Venugopal Rao,,2008,Sunrisers Hyderabad,10,1,288,210,32.0,137.1,71,0,2,22,15
Y Venugopal Rao,,2009,Sunrisers Hyderabad,12,1,124,114,11.27,108.8,32,0,0,6,3
Y Venugopal Rao,,2010,Sunrisers Hyderabad,4,0,34,43,8.5,79.1,24,0,0,3,1
Y Venugopal Rao,,2011,Delhi Capitals,14,2,336,280,28.0,120.0,60,0,1,30,13
Y Venugopal Rao,,2012,Delhi Capitals,7,1,132,126,22.0,104.8,36,0,0,8,5
Y Venugopal Rao,,2014,Sunrisers Hyderabad,5,2,71,63,23.67,112.7,27,0,0,8,0
YA Abdulla,,2010,Punjab Kings,1,1,0,1,,0.0,0,0,0,0,0
YV Dhull,,2023,Delhi Capitals,3,0,16,23,5.33,69.6,13,0,0,1,0
YV Takawale,,2008,Mumbai Indians,4,2,70,65,35.0,107.7,27,0,0,7,2
YV Takawale,,2009,Mumbai Indians,1,0,18,22,18.0,81.8,18,0,0,2,0
YV Takawale,,2014,Royal Challengers Bengaluru,5,0,104,91,20.8,114.3,45,0,0,17,1
Yash Dayal,,2022,Gujarat Titans,1,0,0,1,0.0,0.0,0,0,0,0,0
Yash Dayal,,2025,Royal Challengers Bengaluru,3,1,4,8,2.0,50.0,3,0,0,0,0
Yashasvi Bhupendra Jaiswal,,2020,Rajasthan Royals,3,0,40,44,13.33,90.9,34,0,0,2,2
Yashasvi Bhupendra Jaiswal,,2021,Rajasthan Royals,10,0,249,168,24.9,148.2,50,0,1,32,10
Yashasvi Bhupendra Jaiswal,,2022,Rajasthan Royals,10,0,258,194,25.8,133.0,68,0,2,28,10
Yashasvi Bhupendra Jaiswal,,2023,Rajasthan Royals,14,0,625,382,44.64,163.6,124,1,5,82,26
Yashasvi Bhupendra Jaiswal,,2024,Rajasthan Royals,15,1,435,279,31.07,155.9,104,1,1,54,16
Yashasvi Bhupendra Jaiswal,,2025,Rajasthan Royals,14,1,559,350,43.0,159.7,75,0,6,60,28
Yashpal Singh,,2009,Kolkata Knight Riders,4,0,47,66,11.75,71.2,20,0,0,5,0
Yogesh Nagar,,2009,Delhi Capitals,1,0,20,20,20.0,100.0,20,0,0,1,0
Yogesh Nagar,,2010,Delhi Capitals,1,0,1,6,1.0,16.7,1,0,0,0,0
Yogesh Nagar,,2011,Delhi Capitals,10,3,111,100,15.86,111.0,23,0,0,6,6
Yogesh Nagar,,2012,Delhi Capitals,8,3,153,133,30.6,115.0,44,0,0,13,3
Younis Khan,,2008,Rajasthan Royals,1,0,3,7,3.0,42.9,3,0,0,0,0
Yudhvir Singh,,2023,Lucknow Super Giants,2,0,1,2,0.5,50.0,1,0,0,0,0
Yudhvir Singh,,2024,Lucknow Super Giants,2,0,21,14,10.5,150.0,14,0,0,1,2
Yusuf Pathan,,2008,Rajasthan Royals,15,1,435,243,31.07,179.0,68,0,4,43,25
Yusuf Pathan,,2009,Rajasthan Royals,13,1,243,183,20.25,132.8,62,0,1,24,12
Yusuf Pathan,,2010,Rajasthan Royals,14,1,333,201,25.62,165.7,100,1,1,22,24
Yusuf Pathan,,2011,Kolkata Knight Riders,11,1,283,201,28.3,140.8,47,0,0,24,13
Yusuf Pathan,,2012,Kolkata Knight Riders,16,5,194,169,17.64,114.8,40,0,0,10,7
Yusuf Pathan,,2013,Kolkata Knight Riders,16,4,332,240,27.67,138.3,72,0,1,30,14
Yusuf Pathan,,2014,Kolkata Knight Riders,12,3,268,165,29.78,162.4,72,0,1,15,20
Yusuf Pathan,,2015,Kolkata Knight Riders,12,5,312,231,44.57,135.1,52,0,1,29,12
Yusuf Pathan,,2016,Kolkata Knight Riders,13,6,361,248,51.57,145.6,63,0,3,33,13
Yusuf Pathan,,2017,Kolkata Knight Riders,11,2,143,115,15.89,124.3,59,0,1,9,6
Yusuf Pathan,,2018,Sunrisers Hyderabad,13,4,260,200,28.89,130.0,45,0,0,22,11
Yusuf Pathan,,2019,Sunrisers Hyderabad,7,4,40,45,13.33,88.9,16,0,0,1,1
Yuvraj Singh,,2008,Punjab Kings,14,0,299,184,21.36,162.5,57,0,1,24,19
Yuvraj Singh,,2009,Punjab Kings,14,2,340,294,28.33,115.6,58,0,2,25,16
Yuvraj Singh,,2010,Punjab Kings,14,2,255,199,21.25,128.1,43,0,0,20,14
Yuvraj Singh,,2011,Pune Warriors,13,3,343,261,34.3,131.4,66,0,2,24,18
Yuvraj Singh,,2013,Pune Warriors,13,1,238,190,19.83,125.3,34,0,0,14,15
Yuvraj Singh,,2014,Royal Challengers Bengaluru,14,3,376,278,34.18,135.3,83,0,3,22,28
Yuvraj Singh,,2015,Delhi Capitals,13,0,248,210,19.08,118.1,57,0,2,23,10
Yuvraj Singh,,2016,Sunrisers Hyderabad,10,1,236,179,26.22,131.8,44,0,0,22,13
Yuvraj Singh,,2017,Sunrisers Hyderabad,11,1,252,177,25.2,142.4,70,0,2,30,8
Yuvraj Singh,,2018,Punjab Kings,6,0,65,73,10.83,89.0,20,0,0,6,2
Yuvraj Singh,,2019,Mumbai Indians,4,0,98,75,24.5,130.7,53,0,1,7,6
Yuzvendra Chahal,,2014,Royal Challengers Bengaluru,1,1,1,1,1.0,100.0,1,0,0,0,0
Yuzvendra Chahal,,2015,Royal Challengers Bengaluru,1,1,1,1,1.0,100.0,1,0,0,0,0
Yuzvendra Chahal,,2017,Royal Challengers Bengaluru,6,3,13,26,4.33,50.0,4,0,0,0,0
Yuzvendra Chahal,,2018,Royal Challengers Bengaluru,1,1,0,4,,0.0,0,0,0,0,0
Yuzvendra Chahal,,2019,Royal Challengers Bengaluru,3,1,6,16,3.0,37.5,4,0,0,0,0
Yuzvendra Chahal,,2020,Royal Challengers Bengaluru,1,0,1,3,1.0,33.3,1,0,0,0,0
Yuzvendra Chahal,,2021,Royal Challengers Bengaluru,2,1,10,27,10.0,37.0,8,0,0,0,0
Yuzvendra Chahal,,2022,Rajasthan Royals,1,0,5,8,5.0,62.5,5,0,0,0,0
Zaheer Khan,,2008,Royal Challengers Bengaluru,7,1,34,43,5.67,79.1,17,0,0,4,0
Zaheer Khan,,2009,Mumbai Indians,3,2,8,11,8.0,72.7,4,0,0,0,0
Zaheer Khan,,2010,Mumbai Indians,3,1,24,13,12.0,184.6,23,0,0,3,1
Zaheer Khan,,2011,Royal Challengers Bengaluru,2,0,21,24,10.5,87.5,21,0,0,2,0
Zaheer Khan,,2012,Royal Challengers Bengaluru,4,2,12,17,6.0,70.6,11,0,0,1,0
Zaheer Khan,,2014,Mumbai Indians,3,2,8,7,8.0,114.3,7,0,0,0,1
Zaheer Khan,,2016,Delhi Capitals,2,0,6,13,3.0,46.2,4,0,0,1,0
Zaheer Khan,,2017,Delhi Capitals,3,2,4,13,4.0,30.8,2,0,0,0,0
